CustomerId,Surname,CreditScore,Geography,Gender,Age,Tenure,Balance,NumOfProducts,HasCrCard,IsActiveMember,EstimatedSalary,Exited
100000,Name0,452,France,Male,18,7,155912.1945725665,2,0,0,100080.0529324263,1
100001,Name1,785,Spain,Male,28,6,162126.20502967204,2,0,1,37605.617475529274,0
100002,Name2,698,France,Male,20,5,66850.50696438532,3,1,0,23665.405335258823,0
100003,Name3,620,Germany,Female,69,5,3777.6710536187584,2,1,1,33358.800948780874,0
100004,Name4,456,Spain,Male,40,5,241253.84236361797,3,1,1,139322.39542274864,0
100005,Name5,421,France,Male,43,8,62723.26142277562,2,1,1,125005.97538866672,0
100006,Name6,538,Germany,Male,21,1,169006.57201313687,3,1,0,59569.038729713175,1
100007,Name7,370,Spain,Male,35,0,176657.4674696774,3,1,1,101814.90742583499,0
100008,Name8,452,Spain,Female,23,5,152501.85426987143,1,0,0,85218.59431352533,1
100009,Name9,471,France,Female,52,9,78226.84855341206,3,0,1,104797.39688755895,0
100010,Name10,816,France,Female,39,7,67774.06344101643,3,1,1,105573.96134478631,0
100011,Name11,564,France,Male,60,2,149417.0706756758,2,0,0,98022.76210839901,1
100012,Name12,680,Germany,Male,32,9,216523.90840292288,3,1,1,47254.1915952232,0
100013,Name13,808,France,Female,39,0,236683.4322308489,1,0,1,15460.898906794537,0
100014,Name14,437,Spain,Male,54,8,26476.45110093941,2,1,0,73779.34947861523,1
100015,Name15,722,Spain,Male,69,0,38707.15314942996,2,0,0,134736.34385669854,1
100016,Name16,449,France,Female,59,2,236184.06469576992,1,0,0,89729.61619260063,1
100017,Name17,709,France,Female,29,7,184133.80708369814,2,0,1,126534.7458382671,0
100018,Name18,501,Spain,Female,64,2,220748.45620744326,2,0,0,148827.40801457193,1
100019,Name19,480,Germany,Female,66,3,50658.15853383579,2,0,0,32906.26857935868,1
100020,Name20,499,France,Male,59,7,146896.46777735045,2,1,1,106848.86947987753,1
100021,Name21,658,France,Male,55,0,175284.8986043684,1,1,0,104401.10031800345,1
100022,Name22,607,Spain,Female,35,5,170027.97136174317,1,1,1,147193.76263015898,0
100023,Name23,693,France,Male,62,0,102037.92271667453,2,0,1,147984.10275339204,1
100024,Name24,841,Germany,Female,52,0,3848.722922827119,2,1,0,106135.00564137813,1
100025,Name25,763,Spain,Female,47,7,145731.5142010658,1,0,1,44106.0708775072,1
100026,Name26,643,France,Male,41,3,63275.38479490219,1,0,0,121797.81733828387,1
100027,Name27,735,Spain,Female,59,0,112563.56153572259,1,0,0,24984.078789545332,1
100028,Name28,541,France,Male,47,9,239395.25377095432,2,1,0,119297.90258402802,1
100029,Name29,793,France,Male,31,6,99758.82941060868,2,0,0,137427.4573802575,0
100030,Name30,626,France,Male,23,4,209950.40166610669,3,1,1,63596.67526758093,0
100031,Name31,510,Germany,Male,20,4,47135.15143731279,1,1,1,98288.94129763126,0
100032,Name32,809,Germany,Female,33,0,168115.1245062572,2,0,0,70219.98249355568,1
100033,Name33,663,Spain,Male,24,9,244251.73860973588,1,0,0,71287.10769833799,1
100034,Name34,371,France,Female,69,5,25473.275218234197,2,1,1,53451.92447513681,0
100035,Name35,602,France,Female,31,8,2079.985556798003,1,1,0,116698.14686304545,0
100036,Name36,585,Germany,Female,26,8,108395.69815815358,2,1,1,141064.71898331074,0
100037,Name37,694,France,Female,32,7,23156.370762841798,3,1,0,141705.12029282455,0
100038,Name38,398,Germany,Male,38,4,187096.08741905785,3,1,1,34469.379882490735,0
100039,Name39,824,France,Male,52,0,228637.16596213973,1,1,1,132464.11095191923,1
100040,Name40,408,Spain,Female,19,8,108505.24317718971,2,0,1,113240.4017997971,0
100041,Name41,519,France,Female,44,0,64677.91053886024,2,1,0,45397.236096640496,1
100042,Name42,825,France,Male,19,7,108600.82975165245,1,1,0,19419.845809012037,1
100043,Name43,537,Germany,Female,52,4,180861.95446250026,2,1,0,47519.61736381292,1
100044,Name44,813,France,Male,35,2,2263.540395092745,1,1,0,137709.15314941359,0
100045,Name45,620,France,Female,31,6,147363.4973711743,2,0,0,98645.01448540812,1
100046,Name46,539,Germany,Male,37,6,153322.92122184476,1,0,1,110947.65252570205,0
100047,Name47,795,Spain,Female,35,8,159422.06172398388,2,1,1,46001.329155273415,0
100048,Name48,524,Spain,Female,27,6,60505.51999521931,1,1,1,110714.34178047483,0
100049,Name49,795,Germany,Male,42,2,178513.1808445317,2,1,1,13937.010878909326,1
100050,Name50,400,Germany,Female,19,0,22847.871582944103,3,0,1,62544.98840822193,0
100051,Name51,713,Germany,Female,42,7,49817.5841167002,2,0,1,97745.46879592637,0
100052,Name52,404,Germany,Male,50,2,219367.51166362048,1,0,1,30453.51917578483,1
100053,Name53,593,Germany,Female,53,7,184680.78768164158,3,0,0,125220.50042257087,1
100054,Name54,669,Spain,Male,48,7,3436.388502836313,2,0,1,42904.38183366861,0
100055,Name55,480,Spain,Male,31,4,62094.06509245005,3,0,0,101319.35579458247,0
100056,Name56,834,Germany,Female,18,0,53601.62074829114,2,1,1,66727.59996054615,0
100057,Name57,656,France,Female,63,9,67701.58200924314,3,0,1,93446.10336687061,0
100058,Name58,484,Germany,Female,33,6,61889.9425699716,1,0,0,25043.07736804714,0
100059,Name59,370,France,Female,63,9,15631.573935711434,2,1,1,12367.791989025025,0
100060,Name60,678,Germany,Female,69,4,114735.12914920508,2,0,0,137339.01983324217,1
100061,Name61,516,Germany,Female,20,7,183183.3686965413,1,1,1,47748.20122740559,0
100062,Name62,623,Spain,Female,52,8,151682.9311793591,3,0,0,124754.78038926427,1
100063,Name63,737,France,Male,58,6,168217.91714951996,1,1,1,149909.04206610803,1
100064,Name64,438,France,Female,23,6,20287.29463405979,1,1,0,39600.37611984756,0
100065,Name65,665,Spain,Male,42,0,237872.6775441968,3,1,0,47123.903765669784,1
100066,Name66,363,Spain,Female,30,3,209622.9584607562,1,1,1,102800.37026885319,0
100067,Name67,591,Spain,Female,51,1,201272.57962391566,2,1,1,145162.80884408698,1
100068,Name68,614,Spain,Male,25,1,205745.95126044189,2,0,0,138214.00874670414,1
100069,Name69,695,France,Female,38,1,233177.62703319034,2,0,1,80402.57280918189,0
100070,Name70,402,France,Female,51,3,136063.49152842443,1,1,0,121315.43955374145,1
100071,Name71,735,Germany,Male,21,0,50070.504466906474,2,1,1,29004.41943398615,0
100072,Name72,689,Germany,Female,42,3,154195.9019631353,2,1,0,146841.3457885617,1
100073,Name73,441,Spain,Female,32,1,185720.37341698474,2,0,1,145009.45276503812,0
100074,Name74,716,Spain,Female,21,4,184479.34833850636,2,1,0,32922.05410308394,1
100075,Name75,793,Spain,Male,62,2,130362.25604172003,2,1,1,51919.23747243493,1
100076,Name76,804,Germany,Female,29,7,17114.679833394515,2,1,0,24021.69965094737,0
100077,Name77,777,Germany,Female,49,3,92778.23460753195,1,1,0,48040.46384574516,1
100078,Name78,613,Germany,Female,49,0,230191.65211583933,2,0,1,124233.81051812893,1
100079,Name79,780,Germany,Female,45,0,146112.2274393565,2,1,1,62964.18500313633,1
100080,Name80,384,Germany,Male,30,9,134582.98581392836,3,1,0,22375.57540054617,1
100081,Name81,555,Germany,Male,48,2,67213.37859554838,1,0,0,57911.573469046634,1
100082,Name82,430,Germany,Female,31,8,92112.22997914473,1,1,0,147393.6667937792,0
100083,Name83,769,Spain,Female,37,6,223836.52228829233,1,1,0,98155.70333628841,1
100084,Name84,399,Spain,Male,35,1,166615.76188170892,1,0,1,68262.53249686208,0
100085,Name85,709,Spain,Male,46,8,196846.7566880832,2,0,0,33315.3918896178,1
100086,Name86,737,Spain,Female,23,9,113586.35576691378,2,0,0,148064.75161971728,1
100087,Name87,351,Germany,Male,49,1,157561.80486403947,3,1,0,124918.86129683803,1
100088,Name88,739,France,Female,46,2,62095.90218580188,3,1,1,49406.82234312872,0
100089,Name89,403,Germany,Male,60,9,176365.20757087157,1,0,0,19809.617400966526,1
100090,Name90,455,France,Male,19,1,106900.33342583432,3,0,1,17927.578032858124,0
100091,Name91,609,Spain,Male,40,2,110636.3787036864,3,0,1,26852.940930774737,0
100092,Name92,659,Germany,Male,36,5,162330.58114422043,1,1,1,91307.60170601904,0
100093,Name93,826,Spain,Female,48,8,234070.15536723167,1,1,1,140026.87896876893,1
100094,Name94,540,Germany,Male,68,8,16001.58665215523,3,0,1,79544.07992083783,0
100095,Name95,751,Spain,Male,22,6,206185.8093367519,2,1,1,128012.3675438676,0
100096,Name96,567,France,Female,36,2,73095.77760304828,3,0,1,72424.1267803731,0
100097,Name97,393,France,Male,51,3,110979.86362659445,3,1,0,109201.69640749553,1
100098,Name98,511,France,Male,27,5,5478.332193752239,2,1,0,112462.18322011012,0
100099,Name99,551,Germany,Female,42,4,75261.51945857826,2,1,1,34354.918826467416,0
100100,Name100,795,France,Male,19,1,125657.81065753262,1,1,0,60570.248256613646,1
100101,Name101,833,Germany,Female,28,5,14044.019336859754,1,0,0,99222.30191532335,0
100102,Name102,619,France,Female,67,2,122773.93234579128,3,1,1,19897.525145811265,1
100103,Name103,700,France,Female,48,7,231777.65721460682,2,1,0,60615.626286813924,1
100104,Name104,653,Germany,Female,32,1,26348.304526951306,1,0,1,84871.92527936694,0
100105,Name105,620,Germany,Male,26,0,191110.18201887608,3,1,0,149471.42902624942,1
100106,Name106,805,France,Female,40,8,102417.76334399816,2,0,1,76434.6987671417,0
100107,Name107,811,Germany,Male,36,2,163793.4286310845,3,0,1,124247.9459960053,0
100108,Name108,564,France,Male,26,0,65059.14949630734,1,1,0,70489.41990932648,0
100109,Name109,601,Germany,Male,52,6,39873.065635339575,1,1,0,121494.70116675925,1
100110,Name110,539,Spain,Male,38,9,40115.65356780661,2,0,1,93358.07222681517,0
100111,Name111,645,Spain,Male,26,4,17622.98641078616,3,0,1,134123.36181033577,0
100112,Name112,562,Spain,Male,45,4,46411.67622531075,2,0,1,67531.9573290154,0
100113,Name113,557,Spain,Male,63,0,166054.84624724207,1,1,0,94602.61877500704,1
100114,Name114,586,Spain,Male,68,8,220422.65296087702,1,0,0,98202.61528663583,1
100115,Name115,687,France,Male,24,6,203531.42139779046,3,0,0,68433.61185206627,1
100116,Name116,716,Spain,Male,33,7,171283.57746862102,3,0,0,30203.686116247412,1
100117,Name117,402,Spain,Female,33,8,27607.96585277567,3,1,1,23098.316967726976,0
100118,Name118,629,Spain,Female,50,5,72296.86157398747,2,0,1,12334.017083948635,0
100119,Name119,759,Spain,Female,21,4,77451.71883061725,3,1,1,132294.79699433004,0
100120,Name120,566,Germany,Male,21,5,62489.2365994053,3,1,1,43106.487713417235,0
100121,Name121,601,France,Female,56,1,128751.41492743079,1,0,0,39610.944899447524,1
100122,Name122,537,Spain,Female,57,3,133888.45371991815,1,1,1,113044.95605964918,1
100123,Name123,729,Spain,Female,34,2,89221.49379277755,3,0,1,54802.25583223485,0
100124,Name124,842,Spain,Male,54,6,88447.289684109,3,1,0,80846.25693765712,1
100125,Name125,390,France,Male,56,8,207138.89947652034,1,1,0,32751.54914164388,1
100126,Name126,506,Germany,Male,69,4,197323.2120799214,3,0,1,144364.4010046757,1
100127,Name127,364,France,Male,46,5,76948.95792018641,2,0,0,129221.39600241322,1
100128,Name128,650,Germany,Female,69,9,228447.11096831484,2,0,1,130930.54721510047,1
100129,Name129,414,Spain,Female,53,1,238203.75425062652,2,1,0,66948.32480008074,1
100130,Name130,694,Spain,Female,55,2,81685.6355075102,3,1,0,116730.56991900419,1
100131,Name131,676,France,Female,56,2,88606.23719826371,1,0,1,30142.66175456922,0
100132,Name132,358,France,Male,67,8,126408.53835548971,3,0,0,11206.66036284924,1
100133,Name133,693,Germany,Male,54,6,235280.20313341837,3,1,1,12796.210560923937,1
100134,Name134,478,Germany,Male,69,7,219079.85828557788,1,1,0,92124.24323663846,1
100135,Name135,841,France,Female,52,9,25641.99064589745,1,1,0,73755.28673471171,1
100136,Name136,485,Germany,Male,24,8,98182.68581785406,1,0,0,82522.14884719276,0
100137,Name137,821,France,Male,44,5,138342.79743744296,2,1,0,11044.839658410718,1
100138,Name138,412,Germany,Female,45,3,125783.118137885,3,0,0,69176.12675203959,1
100139,Name139,488,France,Female,39,0,48465.76698422317,1,1,1,110529.54256812051,0
100140,Name140,848,France,Male,31,7,214704.19279203867,3,1,0,71977.11827544103,1
100141,Name141,430,France,Male,24,6,169235.19574920935,2,0,1,112510.68888371112,0
100142,Name142,741,Germany,Male,54,1,209477.09371295088,2,0,0,42622.65501555687,1
100143,Name143,512,Germany,Male,39,7,214691.06983736804,1,0,1,123839.88062744157,0
100144,Name144,768,Germany,Male,22,4,187088.96341643494,1,1,0,92380.37366348332,1
100145,Name145,638,France,Male,19,6,109802.65031242934,3,1,1,39506.83392018687,0
100146,Name146,728,Germany,Female,44,3,152636.68875385614,1,1,1,43140.86661953661,1
100147,Name147,610,Germany,Female,38,4,40091.35152993579,3,0,0,97924.26503973518,0
100148,Name148,839,France,Female,55,7,168411.35436872693,1,1,0,126191.54304974207,1
100149,Name149,580,Spain,Male,32,0,44813.31393482019,3,0,0,68187.88948408172,0
100150,Name150,390,France,Female,38,0,173487.3976275392,3,0,1,46162.06007786291,0
100151,Name151,377,Germany,Male,27,3,57399.54018849217,3,0,1,131381.62496748407,0
100152,Name152,484,France,Male,40,2,29387.825037554994,3,1,0,103697.56084511688,0
100153,Name153,550,Spain,Female,56,9,41321.122535739356,2,1,0,72731.96821963071,1
100154,Name154,677,France,Male,22,1,498.033804767567,3,0,1,78306.02733910226,0
100155,Name155,617,Germany,Male,18,2,179684.90446338255,1,1,1,38595.905511095494,0
100156,Name156,767,Spain,Female,30,0,183100.26226459478,2,0,0,97752.36820907815,1
100157,Name157,382,Germany,Female,38,0,128733.33747831486,2,0,1,60223.95147600441,0
100158,Name158,397,Spain,Female,43,5,40340.70026384592,3,1,0,149390.3247344089,1
100159,Name159,756,Spain,Male,67,4,20888.584377672436,2,0,0,77225.6921366643,1
100160,Name160,411,France,Female,62,7,4782.241609321753,3,0,0,78023.98486654584,1
100161,Name161,565,France,Female,38,1,41437.04424130518,1,1,1,89219.25023749407,0
100162,Name162,642,Germany,Male,35,3,222713.88374578668,3,0,1,138345.84043662454,0
100163,Name163,448,France,Female,54,7,60384.210425420446,2,0,1,122114.53398036504,0
100164,Name164,521,France,Female,62,5,88567.83180430392,1,0,1,73158.2097716978,0
100165,Name165,709,Spain,Female,49,0,26336.371120333297,3,0,0,110617.89723619143,1
100166,Name166,563,France,Male,53,3,55590.32618704257,1,0,1,92072.96982930663,0
100167,Name167,824,Spain,Male,34,0,129806.14269505128,1,0,0,78931.38681817485,1
100168,Name168,384,Spain,Male,52,1,151938.17077391315,2,0,0,36924.20818980907,1
100169,Name169,798,Spain,Male,66,4,61338.078541552764,1,1,0,74951.07688368473,1
100170,Name170,576,Germany,Female,28,7,14433.039806279301,2,1,1,44414.60218316045,0
100171,Name171,450,Germany,Male,38,7,97758.21728184966,1,0,0,138077.90097923164,0
100172,Name172,780,Germany,Male,69,2,58550.842731583536,3,0,0,56956.95388948857,1
100173,Name173,811,Spain,Female,43,3,54888.48080745048,1,1,1,143316.96203467212,0
100174,Name174,480,Germany,Female,21,9,239965.70067836382,3,1,0,84627.74061325956,1
100175,Name175,606,Germany,Female,51,5,154075.121481431,3,1,1,98416.21301466244,1
100176,Name176,354,France,Male,69,9,139219.61079302398,1,1,1,86011.66222850588,1
100177,Name177,567,Germany,Male,65,2,103943.77588083048,3,1,1,28113.286375338124,1
100178,Name178,604,Germany,Male,35,1,107236.08335753606,1,0,0,62614.970661111736,1
100179,Name179,747,Spain,Female,57,5,135226.2509595202,1,1,1,23880.45571886735,1
100180,Name180,708,Spain,Female,52,4,174107.45175902682,3,1,1,97213.56618567344,1
100181,Name181,632,Spain,Male,58,9,175536.52404545736,3,1,1,72562.38732806145,1
100182,Name182,742,Spain,Female,46,4,42923.47692636239,2,0,1,118917.89601993116,0
100183,Name183,556,Spain,Female,69,9,125028.18801915675,3,0,0,40865.867339911776,1
100184,Name184,364,Spain,Female,46,4,102989.5237585255,2,0,1,33039.24818010689,1
100185,Name185,695,Germany,Male,55,9,217631.74156734603,3,0,0,66886.5123349275,1
100186,Name186,391,Spain,Female,59,4,157854.7303045941,1,0,1,139721.95365057336,1
100187,Name187,729,Spain,Female,38,2,133126.01660399546,3,0,0,109459.05410173764,1
100188,Name188,810,France,Male,59,6,28848.660544729344,1,1,1,68649.30747100862,0
100189,Name189,528,Germany,Male,30,5,151409.47233085285,1,0,0,82418.10376560348,1
100190,Name190,412,Germany,Female,66,3,29300.976420058356,1,0,1,21789.82156479377,0
100191,Name191,701,Germany,Female,58,1,84301.64389143801,2,1,0,147840.62549265585,1
100192,Name192,580,Spain,Male,34,8,35710.49120358297,3,0,0,103297.02265728865,0
100193,Name193,590,Spain,Male,26,0,173018.41175609222,1,1,0,49956.569584879144,1
100194,Name194,401,Spain,Female,58,3,51563.02845903815,1,1,1,92013.1751901342,0
100195,Name195,445,France,Female,18,0,97964.8432970065,2,0,0,25327.531249659158,0
100196,Name196,737,Spain,Female,19,5,223918.69440469466,3,1,0,145217.1336330617,1
100197,Name197,571,France,Female,65,3,51079.095849742575,3,1,0,34469.89830367123,1
100198,Name198,834,Germany,Male,46,4,126951.26598969477,2,1,0,100724.24452772998,1
100199,Name199,756,Spain,Female,50,4,104817.9152915055,2,1,1,44363.62475545026,1
100200,Name200,580,France,Female,27,8,4531.010261432433,3,0,0,110458.59357079501,0
100201,Name201,586,France,Male,67,0,198189.5283932032,2,1,0,118754.99141363935,1
100202,Name202,492,Spain,Female,57,1,17261.47657864993,3,0,0,104278.76204760057,1
100203,Name203,520,Germany,Male,38,5,118563.7552442384,3,1,1,96029.92443572695,0
100204,Name204,378,Germany,Female,45,4,140169.5737347375,1,1,0,134945.67315328162,1
100205,Name205,385,Germany,Female,28,6,157106.61415364678,1,1,0,21007.739538566126,1
100206,Name206,362,France,Male,51,2,172157.90732696888,3,0,0,56328.06720922732,1
100207,Name207,509,France,Male,25,2,63318.09588067877,3,0,0,44760.247148318434,0
100208,Name208,676,France,Female,39,9,2494.6941646123432,3,0,1,148321.95468915903,0
100209,Name209,536,France,Female,25,1,180860.915588728,3,1,0,64514.56915336229,1
100210,Name210,592,Germany,Female,66,2,133914.14983689465,3,1,0,112565.77789365582,1
100211,Name211,435,Spain,Male,32,9,209029.42580181218,3,1,1,105861.52294334063,0
100212,Name212,633,France,Female,34,0,205347.09072517356,2,1,1,39691.37324683288,0
100213,Name213,415,France,Male,40,4,210831.5419469708,3,0,1,43459.67522961718,0
100214,Name214,519,Germany,Male,41,4,121273.66499488504,2,1,0,49379.83889742477,1
100215,Name215,394,Spain,Female,62,6,83407.09895921641,2,0,1,67557.8189563131,0
100216,Name216,411,Spain,Male,36,3,197889.5506478425,3,1,0,42805.509191073754,1
100217,Name217,790,Germany,Female,22,2,112823.52825731374,3,0,1,12751.207584558691,0
100218,Name218,483,Germany,Female,49,0,45860.549100858625,2,0,0,133115.02795300737,1
100219,Name219,633,Spain,Female,61,7,213743.50489036858,2,1,1,145185.37639332376,1
100220,Name220,377,France,Female,18,2,220639.9691930868,3,1,0,57819.85418441951,1
100221,Name221,457,Spain,Female,40,1,116577.43903504252,3,0,1,57390.9631195662,0
100222,Name222,393,Germany,Male,54,3,18924.931827446868,2,1,0,10992.853788411938,1
100223,Name223,689,France,Male,25,2,96956.52247923281,2,1,0,105235.09636625237,0
100224,Name224,635,France,Female,30,0,200884.41486565085,2,0,0,125561.58540480802,1
100225,Name225,795,Germany,Female,25,2,225443.50713655716,1,0,0,30525.162050400442,1
100226,Name226,680,Germany,Male,40,1,50868.18562439896,2,0,0,32353.288911401105,0
100227,Name227,477,Germany,Male,60,7,16743.40300631788,1,0,0,120611.65499600128,1
100228,Name228,697,Spain,Male,18,5,219337.61328320968,3,1,0,96280.70476958025,1
100229,Name229,822,Spain,Male,62,8,97351.23474471882,3,0,0,16280.478067880382,1
100230,Name230,580,France,Female,68,7,135440.24106689083,2,0,1,97156.57866471943,1
100231,Name231,539,Germany,Female,41,9,242016.45301268974,3,0,0,53248.48119812725,1
100232,Name232,574,France,Male,52,2,16641.181978555713,3,1,0,61621.521765918435,1
100233,Name233,734,France,Female,41,4,162079.50186302388,3,0,1,117762.39856156323,1
100234,Name234,726,France,Male,34,6,18526.355643716768,3,1,0,123530.92697416549,0
100235,Name235,632,France,Female,22,4,93867.23211662509,1,0,1,66049.92775757628,0
100236,Name236,795,Germany,Male,37,7,200953.6362983617,1,0,0,142601.41104088965,1
100237,Name237,470,France,Female,38,4,108368.0581889086,2,1,1,66904.78051329011,0
100238,Name238,465,Germany,Male,57,0,249295.5884757376,2,0,1,118057.04493221539,1
100239,Name239,810,Germany,Male,48,4,139764.82123665055,2,0,0,77742.81703899626,1
100240,Name240,582,Spain,Female,63,3,80290.53815898838,3,1,1,135654.52571309177,0
100241,Name241,608,Germany,Male,53,5,55027.83147618828,3,0,0,137086.57411102502,1
100242,Name242,708,Spain,Female,28,2,87630.13357154046,1,0,0,22238.35310195174,0
100243,Name243,547,Germany,Female,69,4,93133.3184398877,1,0,0,141109.0663834316,1
100244,Name244,805,Germany,Male,32,1,17178.419430990245,2,0,0,125574.87781285819,0
100245,Name245,760,Germany,Female,36,5,92393.5498566933,1,1,1,120783.50000377336,0
100246,Name246,486,Spain,Female,24,5,116059.62993480623,1,0,0,38127.58755597314,1
100247,Name247,667,Spain,Female,68,4,180684.43805970118,1,1,1,122716.68922565308,1
100248,Name248,514,France,Female,45,5,164182.371180402,1,0,1,129018.58285590516,1
100249,Name249,574,Spain,Female,68,6,177191.41380728857,1,1,0,50481.046823581135,1
100250,Name250,656,Spain,Male,60,4,2090.920469214275,2,0,0,143316.41097072532,1
100251,Name251,583,Spain,Female,22,0,54416.849895134015,2,1,0,16980.420495882994,0
100252,Name252,521,Spain,Female,22,7,165421.07209996413,1,0,0,30987.295454599553,1
100253,Name253,501,France,Female,47,3,120997.34204493678,2,1,1,85261.359327212,1
100254,Name254,812,Spain,Female,49,8,1328.3689170864866,3,1,0,90610.94595712336,1
100255,Name255,664,Germany,Female,25,9,201123.6606079556,1,0,1,100321.01166212648,0
100256,Name256,723,Germany,Male,27,5,193202.39332258434,3,1,0,12375.678104165305,1
100257,Name257,509,Spain,Female,55,0,137104.79074839066,2,0,0,144451.34844709825,1
100258,Name258,445,Spain,Male,64,2,16615.83144406803,2,0,0,16242.332982780159,1
100259,Name259,821,Germany,Male,49,2,191628.76238314615,3,0,0,30028.673381276334,1
100260,Name260,582,Germany,Male,65,9,145928.396932841,2,0,1,11962.032453647977,1
100261,Name261,529,France,Male,45,3,195489.99428948978,1,0,1,89360.18066117326,1
100262,Name262,462,Germany,Female,34,5,187936.74809896012,3,1,0,140517.3637489361,1
100263,Name263,667,Germany,Male,48,6,200750.51798945927,1,0,1,103232.603251265,1
100264,Name264,846,Spain,Male,25,9,129502.01660115621,3,0,1,125172.04558725982,0
100265,Name265,791,Germany,Female,57,3,35081.12954837875,2,0,0,11859.368484201212,1
100266,Name266,401,France,Female,42,5,167789.36834492217,3,0,0,85882.14178716164,1
100267,Name267,617,Germany,Female,26,0,155118.44626299266,3,0,1,74338.81685077306,0
100268,Name268,644,Spain,Male,19,7,185563.29679977178,1,0,1,79855.51219091103,0
100269,Name269,735,Spain,Female,32,6,42470.251512683826,2,1,1,20109.84594692631,0
100270,Name270,736,Germany,Female,67,8,48743.7999750723,1,1,1,105820.95054970305,0
100271,Name271,462,Spain,Male,20,2,222602.3793048321,2,0,0,80450.85808020883,1
100272,Name272,450,France,Female,66,1,187494.4496130177,1,1,0,117120.83898057695,1
100273,Name273,462,France,Female,53,0,227057.12217508073,3,0,1,77940.68876864015,1
100274,Name274,789,Germany,Female,21,2,189678.83029098017,1,0,0,30913.42907170049,1
100275,Name275,430,Germany,Female,31,4,149288.82649757547,2,0,1,100755.97357089509,0
100276,Name276,536,Germany,Male,58,1,163533.1842569684,2,0,1,34134.09069472327,1
100277,Name277,462,Spain,Female,58,2,222281.98098500248,3,0,0,132135.2388696741,1
100278,Name278,351,France,Female,42,3,144701.68862798513,2,1,1,95836.27346969381,1
100279,Name279,479,France,Male,67,6,158097.83108209685,1,1,1,32008.543697973593,1
100280,Name280,569,Spain,Female,27,2,39119.17900090014,3,1,0,144727.32804736897,0
100281,Name281,403,France,Male,38,8,118480.30502902568,2,1,0,82571.16486694489,1
100282,Name282,692,Germany,Female,53,7,179099.27798952474,2,0,1,20205.7832620317,1
100283,Name283,834,Germany,Male,29,3,67735.67457909136,1,1,1,97756.6066181094,0
100284,Name284,573,Germany,Male,44,0,50563.54513113373,1,0,0,45447.84698179343,1
100285,Name285,574,France,Male,57,0,78456.7020561039,3,1,1,122517.08326282234,0
100286,Name286,734,Germany,Male,19,0,60375.15699820836,2,1,1,124495.09029926668,0
100287,Name287,752,Spain,Female,30,0,53728.15925909896,1,1,0,147052.62981965265,0
100288,Name288,475,Spain,Male,49,7,106212.71071702174,3,1,0,80261.73434343052,1
100289,Name289,479,France,Female,48,2,226959.62847088353,2,0,0,73693.9631618832,1
100290,Name290,402,Spain,Male,33,5,126764.91168467957,2,1,0,115486.5847625073,1
100291,Name291,521,Spain,Male,49,2,46980.09520383076,3,1,0,28545.89188786972,1
100292,Name292,567,France,Male,49,4,19242.91734521852,3,0,0,86568.17193103739,1
100293,Name293,509,Germany,Female,51,6,174039.03628448132,1,0,1,86474.66401831913,1
100294,Name294,547,Germany,Male,28,1,95699.69110909695,2,1,1,22526.23719345421,0
100295,Name295,765,Germany,Female,27,5,205457.73664633982,2,0,0,68517.77197096791,1
100296,Name296,596,France,Female,32,5,164877.69216019256,2,0,0,129459.87179940827,1
100297,Name297,673,Spain,Female,34,2,199060.36263534214,3,0,1,129861.50707925243,0
100298,Name298,788,Germany,Female,57,5,67986.50985461219,1,1,1,23893.27308875534,0
100299,Name299,552,Germany,Female,35,9,173089.73061526453,2,0,1,22700.92358469632,0
100300,Name300,533,France,Female,26,9,66015.4961734297,3,1,0,46777.36678027094,0
100301,Name301,472,Germany,Female,42,4,234767.1198625729,2,1,0,132467.2487575591,1
100302,Name302,750,France,Female,57,1,159093.57038334358,1,1,1,28046.361910289852,1
100303,Name303,604,Spain,Female,31,8,81127.95004383552,2,1,0,110799.55236784248,0
100304,Name304,643,France,Male,42,7,67377.96557306816,1,0,0,24163.18674583445,1
100305,Name305,629,France,Male,67,2,47731.64626791087,1,1,0,97239.29952469555,1
100306,Name306,674,France,Male,39,7,173660.23972343194,2,0,1,59849.42187668027,0
100307,Name307,721,France,Male,69,8,54678.903249481824,2,1,1,120447.95481522138,0
100308,Name308,447,Spain,Male,47,2,148825.81648187226,1,0,0,42716.6628355509,1
100309,Name309,547,Spain,Female,37,2,66158.75673133934,3,1,0,99488.25611459438,0
100310,Name310,819,Germany,Female,38,1,165492.23619846714,1,0,0,42995.554840623896,1
100311,Name311,744,Spain,Female,61,7,203734.9321351348,2,1,0,109912.43963570154,1
100312,Name312,589,Spain,Female,49,9,194506.3107861633,2,1,0,132314.9248385048,1
100313,Name313,493,Germany,Female,68,0,190212.83273269542,3,0,1,27752.251877746407,1
100314,Name314,446,Spain,Female,63,7,46930.60142306302,1,1,0,131323.39640337048,1
100315,Name315,550,France,Female,66,6,22096.236746129678,1,1,0,93100.53561800171,1
100316,Name316,473,France,Male,38,6,174737.2071218464,1,1,0,27795.468721383357,1
100317,Name317,536,Germany,Male,52,2,92086.80344858783,2,0,1,69855.85975035968,0
100318,Name318,675,Germany,Male,49,0,108086.55660083682,1,1,1,32520.441087913707,1
100319,Name319,813,Germany,Male,47,3,7787.273198347766,3,1,0,108048.70444131973,1
100320,Name320,698,France,Female,56,8,64894.1123187623,2,0,1,116241.53881851296,0
100321,Name321,608,Spain,Female,66,4,8419.100968616005,2,0,1,24811.512838191855,0
100322,Name322,497,France,Female,29,0,219796.4431503119,1,0,1,80859.57937725021,0
100323,Name323,601,Germany,Male,58,4,60849.17080463262,3,0,1,124047.50784362841,0
100324,Name324,792,Spain,Female,64,7,139334.29239325202,2,0,1,141062.82581713953,1
100325,Name325,769,Spain,Female,35,7,9744.830165282603,2,1,1,81892.5013438478,0
100326,Name326,752,France,Female,38,4,166711.8478264145,1,1,0,143039.091305597,1
100327,Name327,695,Germany,Male,30,8,80756.83643852346,1,1,1,84996.45586384417,0
100328,Name328,800,France,Female,38,0,224479.79673941646,3,0,1,65186.66924398711,0
100329,Name329,496,Spain,Male,25,3,222029.54723350896,1,1,0,128748.43799740537,1
100330,Name330,497,France,Male,63,2,81322.65459043694,3,0,0,79017.57946413246,1
100331,Name331,701,France,Male,57,1,225240.22392261698,2,0,0,76066.35147903323,1
100332,Name332,548,Germany,Male,63,7,249039.4183746947,3,1,0,78643.74851737596,1
100333,Name333,657,Germany,Female,24,6,206353.91603098702,3,0,1,128549.90026176436,0
100334,Name334,838,Spain,Male,40,8,211217.83693880725,3,0,1,126471.8158363273,0
100335,Name335,766,France,Male,61,1,62252.18402727248,2,1,1,66492.79894162956,0
100336,Name336,773,France,Female,49,3,144175.59971443907,1,0,1,56661.9803818735,1
100337,Name337,477,France,Female,28,5,16813.978491841965,2,0,0,78869.9233654781,0
100338,Name338,388,Spain,Male,39,2,23729.48420541743,1,1,1,90188.15136319527,0
100339,Name339,687,Spain,Female,39,7,249723.15300832264,3,0,1,43367.20948791957,0
100340,Name340,709,Germany,Male,60,2,81659.81235647773,3,0,0,121153.71186018268,1
100341,Name341,478,Germany,Male,42,1,187045.9780122116,3,1,1,78107.5872025392,1
100342,Name342,616,Germany,Male,39,2,201666.26325670411,3,1,1,56766.37677879434,0
100343,Name343,825,France,Male,45,5,214505.8177518073,3,1,1,24954.939014958683,1
100344,Name344,790,France,Female,46,1,249407.07435053913,1,1,1,43438.32245650497,1
100345,Name345,822,Germany,Male,30,7,60374.12131421696,1,0,0,142899.36404583772,0
100346,Name346,783,France,Female,35,0,10087.706714924927,3,0,0,52713.95615473372,0
100347,Name347,500,Germany,Female,19,6,102797.87949864649,2,1,0,33640.30051138494,1
100348,Name348,764,Spain,Female,46,1,32520.167457236737,2,0,0,74494.19083169904,1
100349,Name349,827,Germany,Female,38,9,5606.4722905137805,3,0,0,52992.28407043481,0
100350,Name350,647,Spain,Male,32,5,90106.70678537153,1,1,1,14922.295037967182,0
100351,Name351,448,France,Female,69,1,195934.56276880912,2,1,1,55240.330419118414,1
100352,Name352,612,Germany,Male,44,1,141545.1728062677,2,0,0,86175.2073515256,1
100353,Name353,601,France,Female,67,9,78194.49730258851,2,1,0,87239.73208279537,1
100354,Name354,493,Spain,Female,48,7,163585.50137317993,3,1,0,59918.24896476442,1
100355,Name355,695,Spain,Male,32,1,58004.54507720268,2,1,1,72622.3858753641,0
100356,Name356,461,Spain,Male,68,6,3595.361518021256,2,0,0,145172.5085528673,1
100357,Name357,849,France,Male,40,2,191088.34660910684,2,1,1,62828.78681224363,0
100358,Name358,409,France,Female,41,7,155935.77121600226,2,0,1,46151.75385639762,1
100359,Name359,718,France,Female,61,6,190575.65612524,1,0,1,44085.38616934641,1
100360,Name360,351,France,Male,30,7,9734.504171916402,3,0,1,74087.04577857879,0
100361,Name361,734,Spain,Male,39,6,209279.90695766304,3,1,0,116332.82082037217,1
100362,Name362,653,Spain,Male,60,5,154881.55000907584,1,1,1,38838.34578638625,1
100363,Name363,603,Germany,Male,54,6,140848.83767816002,1,1,1,109301.45779970752,1
100364,Name364,489,Germany,Female,50,4,156153.5120286329,3,1,0,12960.97526891828,1
100365,Name365,802,France,Male,20,6,216108.311717091,2,1,1,68650.61691775244,0
100366,Name366,386,Spain,Male,36,0,146734.12663972678,2,0,1,118621.10912839016,0
100367,Name367,509,Spain,Male,40,0,145237.59497204484,3,0,1,57422.6138084204,0
100368,Name368,358,Spain,Male,46,8,247669.78926644145,2,0,0,88923.19420235592,1
100369,Name369,582,Germany,Female,47,4,189182.541767142,1,1,1,38697.09259562751,1
100370,Name370,448,Germany,Male,56,4,110573.45136278382,2,0,1,113879.35475766413,1
100371,Name371,496,Spain,Female,61,2,176849.25000823193,2,0,0,17319.074457626346,1
100372,Name372,653,Spain,Male,64,4,97307.61792294712,2,1,0,129355.97028257005,1
100373,Name373,557,Spain,Male,42,2,57218.86562087475,3,1,1,37747.494099033545,0
100374,Name374,480,Germany,Female,54,8,149212.96922193986,1,0,1,132415.7244391663,1
100375,Name375,753,Spain,Male,64,8,232045.52452848788,2,0,0,59354.09378207243,1
100376,Name376,501,Spain,Female,25,5,232284.8800038657,3,1,1,111175.70042642813,0
100377,Name377,403,France,Female,59,0,85476.31952637258,2,1,0,54691.541690066384,1
100378,Name378,469,France,Male,33,6,131919.36655542374,1,1,1,136827.63397285066,0
100379,Name379,510,Germany,Female,25,6,52908.9746424653,2,1,0,27729.19757257241,0
100380,Name380,757,Spain,Female,18,9,248907.77737472087,1,0,1,34992.77049816382,0
100381,Name381,465,Spain,Female,61,9,245279.47696698393,2,0,0,79024.21752223233,1
100382,Name382,424,France,Female,22,3,162377.23242686182,1,1,0,21471.381465340455,1
100383,Name383,462,Germany,Female,20,7,201103.51491936835,2,0,0,37437.225858246675,1
100384,Name384,805,France,Female,18,5,178775.040320925,1,0,0,142127.293509682,1
100385,Name385,769,France,Female,21,3,148289.55475986705,2,1,0,146708.5525607042,1
100386,Name386,771,France,Female,57,3,13336.999247224423,2,0,1,62676.30610625907,0
100387,Name387,453,France,Male,52,1,113691.08563816527,3,0,1,139260.042941951,1
100388,Name388,689,Spain,Male,49,1,168696.57554185262,3,0,0,86275.45459428044,1
100389,Name389,603,Spain,Female,59,3,169382.90347092116,1,1,1,47763.945222327384,1
100390,Name390,576,France,Male,51,4,93280.6546055959,2,1,1,108335.82095128381,0
100391,Name391,461,Germany,Female,60,7,235422.99666450763,1,0,1,102246.25292048001,1
100392,Name392,822,Germany,Female,42,5,41839.25805919525,3,1,1,148477.54467522266,0
100393,Name393,448,Germany,Male,27,3,125089.86155389015,1,1,1,47106.62023729966,0
100394,Name394,502,Germany,Female,38,6,172720.9941377057,1,1,1,104088.33037264296,0
100395,Name395,698,France,Female,63,7,174283.95147295232,3,0,0,17283.325704122566,1
100396,Name396,751,Spain,Female,56,1,162159.73919220388,2,0,1,25910.445417540715,1
100397,Name397,733,Germany,Female,44,6,68822.05336296505,1,1,1,10548.572493153057,0
100398,Name398,715,France,Male,44,1,39051.64217165549,3,0,1,149924.49534835425,0
100399,Name399,687,Germany,Female,19,1,158985.0817066777,2,0,0,122318.31760064689,1
100400,Name400,543,Germany,Female,58,7,149825.52903485944,3,0,1,120141.22206269571,1
100401,Name401,659,France,Female,65,1,44839.002572310244,1,0,1,81361.65054034516,0
100402,Name402,512,Spain,Male,30,8,176284.78639264085,2,0,1,52009.391606761594,0
100403,Name403,557,Spain,Female,26,0,113792.99793341411,2,1,0,31176.99982477463,1
100404,Name404,794,France,Male,69,8,166940.14790078823,3,0,1,49854.463438504914,1
100405,Name405,518,Spain,Male,53,0,209341.76994253768,3,0,0,62635.971070079475,1
100406,Name406,833,France,Female,39,9,42432.10714423079,3,0,1,115883.41357724117,0
100407,Name407,510,France,Female,59,9,4786.216999209169,2,1,0,85552.65044644134,1
100408,Name408,417,France,Male,43,1,194775.64659894668,2,1,0,20847.707717767575,1
100409,Name409,638,Spain,Female,29,5,152424.35628815397,1,1,0,12524.061254247714,1
100410,Name410,747,France,Male,34,5,174909.89240553044,2,0,1,24326.505134768842,0
100411,Name411,626,Germany,Male,31,0,209538.74374716062,1,1,0,67469.81991763311,1
100412,Name412,653,Spain,Female,31,6,200702.73370612512,3,1,0,140647.00838686258,1
100413,Name413,753,Spain,Female,51,7,240230.03673220615,3,1,0,99236.34736929102,1
100414,Name414,733,Spain,Male,37,1,133983.76971302956,2,1,0,122255.62598257212,1
100415,Name415,741,Spain,Male,28,7,122123.90816497634,3,0,1,75292.4432306368,0
100416,Name416,484,Germany,Male,33,8,100471.79997268252,3,1,1,60633.25164730599,0
100417,Name417,544,Spain,Male,68,5,38422.76071105114,2,1,1,25176.052180327184,0
100418,Name418,750,Spain,Female,48,4,143151.8082205056,1,0,1,132630.6231060687,1
100419,Name419,477,France,Female,23,8,69253.13108149469,2,0,0,119642.40406390639,0
100420,Name420,382,Spain,Female,36,8,230326.87805324385,1,1,1,33536.53366368152,0
100421,Name421,525,Germany,Female,54,0,145797.7010692744,2,0,0,81716.47894267648,1
100422,Name422,809,Germany,Female,21,2,148210.04512702755,2,1,1,78232.47310897429,0
100423,Name423,792,Germany,Male,64,8,88731.1652192525,3,0,1,97512.817376114,0
100424,Name424,720,Germany,Female,21,1,12997.337994426873,2,0,1,142466.16515877657,0
100425,Name425,819,Spain,Female,37,3,7935.941343247155,2,1,0,91168.00184674715,0
100426,Name426,724,Spain,Female,27,3,105833.78603829938,1,0,1,85630.4173490066,0
100427,Name427,371,Germany,Female,41,1,21141.344524309465,3,1,1,17045.21061085295,0
100428,Name428,587,Germany,Female,52,2,151711.73888503478,1,0,1,18807.04664252335,1
100429,Name429,507,Spain,Male,43,2,220243.25140991434,1,1,0,36228.55078575044,1
100430,Name430,387,Germany,Male,54,0,220728.70412968055,3,0,1,14545.90803684476,1
100431,Name431,579,France,Male,55,5,164761.3525330581,3,0,1,114069.40537980173,1
100432,Name432,714,Germany,Female,38,7,52807.957868232756,3,0,0,111266.24255915484,0
100433,Name433,400,Germany,Male,57,2,215749.207839718,2,0,0,29047.872820430013,1
100434,Name434,787,France,Male,56,4,221523.35882830204,3,0,1,127051.04611133932,1
100435,Name435,613,France,Female,38,0,49163.39623823968,3,1,1,31670.044878455676,0
100436,Name436,632,Spain,Female,27,9,184356.52144266933,3,0,1,52164.58217963023,0
100437,Name437,376,Spain,Female,55,6,71629.88723178074,1,1,0,44856.7658825911,1
100438,Name438,575,France,Male,63,9,200660.0780882324,1,1,0,62122.993800226686,1
100439,Name439,626,France,Male,21,0,249309.47497590067,2,1,0,45652.92722459466,1
100440,Name440,635,Spain,Female,62,8,7506.5013323482035,1,0,1,78453.1297013833,0
100441,Name441,446,Germany,Female,37,7,224341.466447733,2,1,0,67037.10338965597,1
100442,Name442,633,France,Male,34,6,155657.6333996645,1,0,1,148119.72870910572,0
100443,Name443,716,Spain,Male,24,9,243345.65479120528,3,1,0,17829.689017951594,1
100444,Name444,797,Germany,Female,21,6,116252.37938160691,1,1,0,29905.392694229227,1
100445,Name445,830,France,Female,46,4,211846.98264284345,2,1,0,17395.625147204348,1
100446,Name446,802,Germany,Male,31,4,15598.517149569308,1,1,1,97617.76729753261,0
100447,Name447,666,Spain,Female,20,4,83819.76251957394,3,1,1,17631.29883792074,0
100448,Name448,653,France,Male,41,0,16754.13443780249,2,0,1,127101.56323265727,0
100449,Name449,496,Germany,Male,54,7,243835.78336976763,3,1,1,81671.4082954699,1
100450,Name450,353,France,Male,33,0,204243.4768179592,3,1,0,83781.06744141472,1
100451,Name451,384,Germany,Male,69,3,213136.85531149263,2,0,1,88623.23107970718,1
100452,Name452,541,Spain,Female,21,8,234491.30785847356,3,0,0,33913.918882869504,1
100453,Name453,398,Spain,Female,41,8,21275.87152994634,3,0,1,37676.642436028254,0
100454,Name454,366,France,Male,51,4,96399.39812833334,1,1,1,54634.42520222066,0
100455,Name455,521,Germany,Male,47,3,17758.72226100053,3,1,0,93089.4982150592,1
100456,Name456,569,France,Male,35,2,52698.27538750716,3,1,0,39416.48863163003,0
100457,Name457,507,France,Male,36,2,57341.44425941809,3,1,1,26286.441798656575,0
100458,Name458,826,Germany,Male,48,4,117276.80276189467,3,1,1,145816.3640985805,1
100459,Name459,395,Germany,Female,36,9,67140.54186341065,2,1,0,13077.454073347208,0
100460,Name460,722,Germany,Female,66,0,25244.52670444027,1,0,0,122377.63674704303,1
100461,Name461,355,Spain,Female,63,4,41872.77227352693,3,0,0,120324.92094050309,1
100462,Name462,448,France,Female,36,5,36818.89088802273,3,1,0,51609.97593831344,0
100463,Name463,729,France,Male,39,6,243269.19947807456,2,1,0,28987.726241023876,1
100464,Name464,582,Spain,Male,41,8,189823.1267296184,3,1,1,30388.010538759278,1
100465,Name465,386,Germany,Male,62,2,241940.3663173905,2,1,1,107640.42641320695,1
100466,Name466,629,Spain,Male,29,1,109935.12162697714,1,1,1,99992.92275206432,0
100467,Name467,698,Spain,Male,47,2,69592.12041566415,1,0,1,119584.39439519415,0
100468,Name468,846,Spain,Female,55,8,199573.29930229668,3,0,0,141247.36413587464,1
100469,Name469,651,France,Male,48,6,81563.47951028669,3,1,0,106869.83085732287,1
100470,Name470,530,Spain,Female,53,8,74845.84342633707,3,0,0,31819.215117202086,1
100471,Name471,444,France,Female,36,1,58126.498051957795,2,1,1,44081.9663471575,0
100472,Name472,448,France,Female,65,4,32419.74455605884,3,1,0,127907.12232223604,1
100473,Name473,537,France,Female,62,3,64115.765254191494,3,1,0,39302.850616789205,1
100474,Name474,830,Germany,Male,53,1,88829.93711847192,1,0,1,20153.124373627397,0
100475,Name475,465,France,Female,47,8,168498.5520364326,3,0,1,108459.20756591507,1
100476,Name476,540,France,Female,66,8,15641.210554862895,1,1,1,66353.6897686199,0
100477,Name477,602,Germany,Female,50,5,52626.734916335736,3,0,0,138805.6073564265,1
100478,Name478,818,France,Male,35,5,202255.9100729191,1,0,0,101035.70995311262,1
100479,Name479,765,Spain,Male,69,7,36730.48089594269,3,1,1,22658.656890832506,0
100480,Name480,820,Spain,Male,66,5,85661.28663063039,1,0,1,142699.9194155125,0
100481,Name481,510,France,Female,45,0,216164.730464535,2,0,0,46198.016909634425,1
100482,Name482,605,Germany,Female,64,3,38731.32778586067,1,1,1,57209.74865688001,0
100483,Name483,672,Spain,Male,28,6,20684.208904547475,1,1,0,66316.45791569588,0
100484,Name484,477,Germany,Female,62,1,121134.49877000271,1,0,1,17171.401496603856,1
100485,Name485,367,Germany,Male,50,8,75604.8778196341,3,1,1,79512.15911228467,0
100486,Name486,630,Spain,Male,34,7,140852.09112096354,3,0,1,27264.588750540915,0
100487,Name487,839,Germany,Female,23,7,200951.2226208688,3,1,0,66135.84573636924,1
100488,Name488,572,Spain,Female,21,6,34287.12203818579,2,1,0,59099.3703188918,0
100489,Name489,403,Germany,Female,37,3,145174.77113857123,2,1,1,118197.61167971046,0
100490,Name490,407,Spain,Female,65,1,126377.19009746598,1,1,0,122443.87162858236,1
100491,Name491,672,France,Male,64,2,36019.69650329989,2,0,1,31477.80353447232,0
100492,Name492,709,Spain,Male,44,5,155999.6213822456,1,1,1,61317.166233091666,1
100493,Name493,523,Spain,Male,32,4,68410.10446519291,1,1,0,62269.44254445644,0
100494,Name494,629,Spain,Male,23,7,121958.57963600312,1,1,0,31197.462151051906,1
100495,Name495,463,Spain,Male,64,5,20568.08106926547,2,0,0,121783.49070716667,1
100496,Name496,637,Germany,Female,31,5,114896.01430340577,3,0,0,109011.96596695925,1
100497,Name497,780,France,Male,28,0,76615.86701070509,2,1,1,36653.45008158486,0
100498,Name498,691,Spain,Male,56,3,205595.3027963386,1,1,0,61341.06720313187,1
100499,Name499,500,Germany,Male,26,4,14244.68174934207,1,1,0,24812.70347991199,0
100500,Name500,799,France,Female,43,2,104651.81872958249,2,1,1,97948.92359302615,1
100501,Name501,476,France,Female,33,8,114607.8560328595,1,1,1,26992.069436806752,0
100502,Name502,504,France,Female,22,0,181251.51907477967,1,1,1,148030.7836074885,0
100503,Name503,839,France,Female,69,5,143571.89377255275,2,0,1,119295.49045630073,1
100504,Name504,735,Spain,Male,27,5,166803.08429854526,2,1,0,64633.39694175931,1
100505,Name505,823,Spain,Male,67,9,194262.32141293903,2,1,0,90998.95051910963,1
100506,Name506,622,Germany,Female,20,4,215550.74341454718,1,1,1,137587.85427029722,0
100507,Name507,453,Germany,Female,30,4,78468.87418061763,1,1,1,87573.89925541566,0
100508,Name508,766,Germany,Male,60,9,134505.67634097574,3,1,0,34429.788095713724,1
100509,Name509,742,France,Male,66,4,210027.01960979996,3,1,0,63018.469781362306,1
100510,Name510,648,France,Female,47,5,247362.78274126412,2,0,0,128040.28110416436,1
100511,Name511,595,Spain,Female,62,7,222379.8277609408,3,0,0,100189.8222385465,1
100512,Name512,525,France,Female,23,1,92866.8156560942,1,0,0,101101.41380673205,0
100513,Name513,388,France,Female,34,5,48791.6293046626,3,0,1,131355.00799638848,0
100514,Name514,826,France,Male,62,0,122348.13435164718,1,0,1,135156.22804475063,1
100515,Name515,519,Germany,Male,68,3,185410.36295901056,2,0,1,138770.9600491211,1
100516,Name516,596,Germany,Male,36,9,123142.2676883244,2,1,1,23278.887055441854,0
100517,Name517,375,Spain,Female,59,2,120795.21582841713,1,1,0,86177.64027483412,1
100518,Name518,704,France,Female,52,8,209557.60527045015,3,1,1,113671.3329705646,1
100519,Name519,655,France,Male,63,2,90350.94476679659,2,1,0,115969.75831778193,1
100520,Name520,758,Spain,Male,43,5,214948.6687029114,2,1,0,94940.26827580054,1
100521,Name521,757,France,Male,68,0,101701.20023793088,3,1,0,33350.226925714385,1
100522,Name522,362,France,Male,22,5,82058.27641958486,3,0,0,121638.87755183301,0
100523,Name523,665,Germany,Female,46,3,113497.47779992475,1,1,0,110815.5866920924,1
100524,Name524,740,Spain,Male,54,7,190611.7396687171,3,0,0,22059.008016865082,1
100525,Name525,662,Spain,Male,37,8,31500.50696599857,3,0,0,74933.37545441269,0
100526,Name526,385,Spain,Male,66,3,49104.803968004344,3,1,1,34356.8359330525,0
100527,Name527,522,Spain,Male,38,9,237861.206415773,1,1,0,57246.78639981606,1
100528,Name528,369,Germany,Male,27,9,43872.90684533934,1,1,1,12531.352908795961,0
100529,Name529,670,Germany,Male,22,5,141931.82948276366,2,1,1,66046.18157750616,0
100530,Name530,613,France,Male,53,0,144828.61666548447,1,1,0,86982.76896186946,1
100531,Name531,843,France,Female,23,3,122406.1155125612,2,1,0,96741.56299579216,1
100532,Name532,749,France,Female,43,6,161186.31214420465,3,1,1,102888.6483180194,1
100533,Name533,491,France,Female,21,0,57456.681449404605,2,0,1,127080.7838343444,0
100534,Name534,809,Germany,Female,56,7,138165.56694418704,2,1,1,40164.80701860221,1
100535,Name535,720,Spain,Male,56,9,93043.31381172429,3,1,1,26867.45514138551,0
100536,Name536,820,Germany,Female,67,5,165416.81490729726,2,0,0,129215.2040657096,1
100537,Name537,492,France,Female,52,4,35305.88584328737,1,1,0,31925.794084970985,1
100538,Name538,441,Germany,Male,18,9,142719.35420986905,1,1,0,146466.41138706735,1
100539,Name539,703,Spain,Male,41,8,46317.58884583093,1,0,1,127955.35211580918,0
100540,Name540,671,Spain,Female,53,1,69660.7657787591,1,1,0,80122.72482454388,1
100541,Name541,637,Germany,Female,23,4,54677.450080895804,2,1,1,147398.99948908354,0
100542,Name542,564,Germany,Male,58,5,45709.444967204276,2,1,0,23632.74207512059,1
100543,Name543,796,Germany,Female,63,6,206427.73789016675,3,1,1,52429.20656451423,1
100544,Name544,691,France,Male,61,4,71426.89191522259,2,1,0,99351.4181056856,1
100545,Name545,400,Germany,Male,48,8,231780.94546611235,2,1,0,59000.96158624502,1
100546,Name546,502,Germany,Male,37,0,242481.63133629772,2,0,1,139972.15727731085,0
100547,Name547,535,Germany,Male,41,6,142815.11748427432,3,1,1,19187.652344894457,1
100548,Name548,412,Spain,Female,42,9,35750.2806664316,1,1,1,86917.65648853504,0
100549,Name549,539,Spain,Male,53,6,93637.06084489531,2,0,1,92721.27743531603,0
100550,Name550,474,France,Male,38,3,199433.0658370535,3,0,1,101381.93732881137,0
100551,Name551,499,France,Female,47,8,91847.68217426761,3,1,0,45793.27126645402,1
100552,Name552,663,Spain,Male,41,4,21754.304575697188,3,0,1,61039.29985278103,0
100553,Name553,407,Spain,Female,61,3,139196.22773204697,1,1,0,128115.27415309686,1
100554,Name554,691,Spain,Female,59,6,211280.2128740087,2,1,0,37291.98765582238,1
100555,Name555,654,Germany,Female,47,3,198981.5967858756,3,0,0,125761.49860427069,1
100556,Name556,529,Germany,Male,39,2,43780.78503258831,1,1,0,88771.75920638394,0
100557,Name557,519,Spain,Female,45,8,168191.1536031167,3,1,0,116706.2515671715,1
100558,Name558,675,Germany,Female,24,7,55126.065858911774,3,0,1,109905.03127688602,0
100559,Name559,620,Germany,Male,52,0,54551.88363804306,3,0,1,39051.60935388306,0
100560,Name560,403,France,Female,45,6,218517.94332629628,3,0,0,89633.7831007422,1
100561,Name561,840,Spain,Female,31,8,62417.23818505754,3,0,0,131481.24139271292,0
100562,Name562,793,Spain,Female,27,7,65811.8366295028,1,1,1,70496.2731522701,0
100563,Name563,450,Germany,Female,33,7,163.34769032488873,2,0,1,145322.70783126436,0
100564,Name564,830,Spain,Female,33,5,217667.25853137943,2,0,0,73310.11401424053,1
100565,Name565,613,France,Male,48,3,198148.70330228368,2,0,1,29989.989133503856,1
100566,Name566,402,France,Female,59,7,156832.2337726695,2,0,1,64520.85521087425,1
100567,Name567,409,France,Female,42,2,187566.44098471056,1,0,1,143238.33689467522,1
100568,Name568,841,Spain,Male,30,8,38012.14185612295,1,1,0,54760.918907579595,0
100569,Name569,457,Spain,Male,23,1,114580.89864689385,1,0,1,131533.7423813888,0
100570,Name570,354,Spain,Male,61,1,87804.84683719522,3,1,0,133375.09543546458,1
100571,Name571,452,Spain,Female,26,6,23444.131564254123,3,0,0,59026.11340647455,0
100572,Name572,545,Spain,Male,62,9,121532.62130373102,3,0,0,21656.072127088497,1
100573,Name573,611,France,Female,53,3,230184.91258565884,2,0,0,111438.10728223456,1
100574,Name574,714,Germany,Female,60,9,10014.779762673621,3,0,0,53611.721861958045,1
100575,Name575,829,France,Male,37,7,72865.22837344847,2,0,1,119609.30599606014,0
100576,Name576,721,Spain,Male,35,8,51885.23405142587,3,0,0,71971.67875646063,0
100577,Name577,699,France,Female,60,6,59536.66341642408,2,0,0,77937.34392796701,1
100578,Name578,396,Spain,Male,38,4,227108.6379698438,3,0,0,118907.31694479515,1
100579,Name579,704,Spain,Female,21,7,117017.26355857254,3,1,1,63530.866348627904,0
100580,Name580,660,France,Male,67,3,116574.8532349547,1,0,1,72037.82834520804,1
100581,Name581,773,Spain,Male,50,1,190143.91061382057,3,1,1,62666.6656277471,1
100582,Name582,657,Germany,Male,44,5,38623.05100123145,3,0,1,61427.672138819195,0
100583,Name583,493,Spain,Female,24,8,121816.3385250127,1,1,1,83632.52076620431,0
100584,Name584,618,Germany,Male,23,0,107496.30353026494,2,0,1,123231.9222301611,0
100585,Name585,719,Germany,Female,32,9,149227.67263666404,1,0,1,60647.56366915922,0
100586,Name586,473,Spain,Female,35,6,249889.42581260964,1,0,0,83395.66087528314,1
100587,Name587,455,France,Female,49,9,192362.22352051176,2,1,0,103901.82556196411,1
100588,Name588,507,Germany,Female,28,8,99466.4257543568,3,1,1,47721.522482511704,0
100589,Name589,496,France,Male,37,9,206888.26306851173,2,1,0,48853.19268633496,1
100590,Name590,494,Germany,Female,41,8,42677.090828120046,3,1,0,140677.83778328367,1
100591,Name591,469,Spain,Female,32,9,7615.921577240031,3,0,1,111294.8402663524,0
100592,Name592,668,Spain,Male,65,2,51112.09311606827,2,0,0,90806.13467126324,1
100593,Name593,624,Germany,Female,24,4,85102.88902856491,1,0,0,100680.80761888568,0
100594,Name594,441,Spain,Male,38,7,127645.18936488997,2,1,1,14101.922034478572,0
100595,Name595,407,Germany,Female,59,7,153782.28513529996,3,0,0,96534.41517863756,1
100596,Name596,788,Spain,Male,43,3,227651.42930360543,2,1,1,81331.24225138826,1
100597,Name597,695,France,Female,61,0,127463.50238761443,2,1,1,86404.95516912099,1
100598,Name598,578,Spain,Male,31,0,125318.91115643234,3,1,0,60319.335756314395,1
100599,Name599,823,France,Female,54,3,12560.752455745533,1,1,0,21406.345679811864,1
100600,Name600,466,Spain,Female,38,5,8727.888164055952,2,1,0,37067.492705687306,0
100601,Name601,667,France,Male,35,7,137789.99047909302,3,0,1,143104.25984977404,0
100602,Name602,628,Spain,Male,22,5,109544.65331208613,3,1,1,67217.93871793075,0
100603,Name603,476,France,Male,20,8,209795.09874507465,2,1,1,75335.64181632097,0
100604,Name604,742,Germany,Male,40,8,40169.896177961295,1,0,0,17379.37057948146,0
100605,Name605,745,Germany,Female,43,1,6242.915529262399,2,1,0,15259.272136157282,1
100606,Name606,478,France,Female,54,9,112259.69198253147,1,1,1,110405.40258654607,1
100607,Name607,407,Spain,Male,41,0,59369.63918806437,1,0,0,85333.25297695558,1
100608,Name608,471,France,Female,66,1,12403.593334709361,1,0,0,81218.83779027734,1
100609,Name609,350,Spain,Male,36,4,181149.57171190725,1,0,1,44037.43425917361,0
100610,Name610,588,Germany,Male,68,3,27898.24998931187,2,1,1,114265.10242818912,0
100611,Name611,639,Spain,Female,42,3,152079.8750019429,3,0,0,33553.121075188865,1
100612,Name612,445,Germany,Female,38,8,70262.43754172229,3,0,1,36590.864112542804,0
100613,Name613,475,Spain,Female,29,7,43374.012588755504,3,0,0,74499.70398875856,0
100614,Name614,467,Spain,Female,58,5,94937.88072982937,3,1,1,50079.18069567173,0
100615,Name615,397,Spain,Female,50,0,200361.44405573842,3,0,1,44644.81737264049,1
100616,Name616,438,France,Female,67,1,98023.39422614318,3,1,1,100333.27023746644,0
100617,Name617,837,France,Female,21,5,187692.41230276393,2,1,0,101136.04433059623,1
100618,Name618,586,Germany,Male,59,1,31371.574199787672,1,0,0,125432.38977199009,1
100619,Name619,722,Germany,Male,24,9,193192.85491626977,3,1,1,68479.19937621662,0
100620,Name620,734,France,Male,39,4,59233.33122666216,2,1,1,20231.912743661036,0
100621,Name621,621,Germany,Male,50,4,169348.2824722182,3,0,1,48313.293889004075,1
100622,Name622,538,France,Male,34,5,141445.3887102491,3,1,0,147200.76484755438,1
100623,Name623,836,Spain,Female,41,5,232286.17930292184,1,0,1,93476.2005325783,1
100624,Name624,541,Germany,Male,51,5,96830.62949382851,1,1,1,109363.19187214284,0
100625,Name625,796,Germany,Male,45,1,16541.29720861011,1,1,1,11030.096147558035,0
100626,Name626,418,France,Male,60,9,4788.871387813226,3,0,1,82548.80250555291,0
100627,Name627,627,Germany,Male,58,2,206714.64024318827,3,0,0,15254.012054452436,1
100628,Name628,698,Germany,Male,56,5,131183.90941535804,3,1,0,89692.22969280272,1
100629,Name629,596,Spain,Male,39,7,193811.01295873732,1,1,1,138907.91894905054,0
100630,Name630,800,Germany,Male,66,0,58606.400002878676,2,0,0,145578.6782700571,1
100631,Name631,425,Spain,Female,34,0,86270.93637830843,3,1,0,85677.37455444939,0
100632,Name632,503,France,Female,51,1,7525.968052829735,3,1,0,74148.67273531023,1
100633,Name633,493,Germany,Male,23,5,240373.08114352805,3,1,1,142302.39319478915,0
100634,Name634,784,Spain,Female,63,8,166966.97667520336,2,1,0,104305.37647953731,1
100635,Name635,834,France,Female,23,3,233301.27193982655,3,0,0,19085.899135377324,1
100636,Name636,435,Germany,Female,51,2,66374.10185726808,2,0,0,75201.58087344965,1
100637,Name637,534,France,Female,18,7,152865.90280641522,3,0,1,43634.302585002544,0
100638,Name638,634,Germany,Male,27,9,169624.99207315946,2,0,1,75772.60500281541,0
100639,Name639,811,France,Female,38,8,79387.42506439712,3,0,0,73765.18008089064,0
100640,Name640,569,France,Female,22,4,212027.3087539075,1,0,0,91500.27239406388,1
100641,Name641,418,Spain,Female,19,8,236790.36572506194,1,1,1,59947.86864889517,0
100642,Name642,396,France,Male,39,1,221213.77942400108,1,0,1,32997.86292382993,0
100643,Name643,846,Germany,Male,65,2,184766.74398484314,1,1,0,80520.72084259387,1
100644,Name644,443,Germany,Male,19,6,69366.1699312385,3,1,0,126228.40380840669,0
100645,Name645,587,Spain,Male,27,6,70404.01052640793,1,1,1,102961.71192946432,0
100646,Name646,795,Germany,Male,51,5,240840.08011150948,2,0,1,57371.501229530215,1
100647,Name647,849,Germany,Male,33,5,2571.123983923007,1,1,0,140973.22318624,0
100648,Name648,802,Germany,Male,65,1,179012.4933105361,1,0,1,137709.0599748855,1
100649,Name649,553,France,Female,68,9,176561.54063881555,1,1,0,39308.77591377383,1
100650,Name650,749,France,Female,56,5,155672.38523744937,3,1,0,15518.461916850816,1
100651,Name651,567,Germany,Female,39,3,247527.21152171644,1,0,0,113783.21916910671,1
100652,Name652,823,Spain,Male,29,2,77969.85894093131,2,1,1,125865.43658888146,0
100653,Name653,781,France,Male,41,1,84992.96594831205,1,1,0,145501.03923318975,1
100654,Name654,690,Spain,Male,64,0,19734.850736638888,1,1,0,134577.0951723635,1
100655,Name655,388,Germany,Male,57,4,110699.53413593436,1,1,1,94074.86754889808,1
100656,Name656,449,Germany,Male,55,1,65262.13155871202,2,0,1,84207.32748973332,0
100657,Name657,638,France,Female,27,1,85846.67554441106,1,1,0,13897.747176762081,0
100658,Name658,603,Germany,Female,52,6,208642.94756390693,2,1,0,44531.9025582689,1
100659,Name659,571,France,Male,68,7,233871.12838187395,2,0,1,74346.06524260971,1
100660,Name660,706,Germany,Male,66,9,46433.268001296405,1,1,1,97990.5460116995,0
100661,Name661,372,Germany,Male,49,7,93127.23288836647,2,1,1,88015.2566645775,0
100662,Name662,599,France,Male,24,3,232157.6405288485,3,1,0,113969.03855543668,1
100663,Name663,359,France,Female,38,0,15452.115172305657,1,1,0,49167.37032418572,0
100664,Name664,595,France,Male,37,6,23090.13202784463,1,0,0,89093.36507134626,0
100665,Name665,674,Germany,Male,43,0,40697.74730155734,2,1,1,22339.914074710898,0
100666,Name666,449,Germany,Male,21,3,148803.2085317187,2,0,0,67913.17330164897,1
100667,Name667,639,Spain,Male,63,7,37618.067751499366,1,1,1,115022.51661364414,0
100668,Name668,529,France,Female,69,1,242019.09536268338,3,1,0,107076.11948006616,1
100669,Name669,572,Germany,Male,39,5,111678.63181463009,2,1,1,148689.98320410505,0
100670,Name670,743,Germany,Male,32,5,125379.49008754159,2,0,0,48904.75763828584,1
100671,Name671,599,France,Female,57,8,61664.653951351625,3,1,0,79746.50188435707,1
100672,Name672,496,Spain,Female,38,4,117740.06310868337,3,1,1,56134.25792835954,0
100673,Name673,791,France,Female,32,9,165478.4081592529,1,0,1,71684.43596828447,0
100674,Name674,445,Spain,Male,39,3,187794.28423851068,3,0,0,129973.01818171433,1
100675,Name675,606,Germany,Male,69,4,188467.02067747826,1,0,1,105789.27052638812,1
100676,Name676,674,Spain,Female,45,9,144472.7781735221,3,0,1,133541.76678866142,1
100677,Name677,842,Germany,Female,31,4,226089.9437484643,2,1,0,38491.5551664641,1
100678,Name678,353,France,Female,44,7,204351.96182652735,1,1,1,132270.55649780133,1
100679,Name679,365,France,Female,58,9,189262.02867465635,1,1,0,18366.71838497382,1
100680,Name680,629,France,Female,57,7,13901.380420115156,1,1,0,134403.89926120132,1
100681,Name681,685,Spain,Female,45,1,1719.4905549123284,3,0,1,56070.329124501906,0
100682,Name682,596,Germany,Male,43,6,53111.81929886824,2,1,1,54042.26867796931,0
100683,Name683,607,France,Male,66,7,165880.89847836306,1,1,0,81692.40073781295,1
100684,Name684,846,France,Male,19,5,102799.37222063645,1,1,0,141696.62628125245,1
100685,Name685,825,Germany,Female,42,4,100601.56482482793,1,1,0,16689.39105539675,1
100686,Name686,733,France,Female,20,8,221146.72205740344,1,0,0,59312.336509904344,1
100687,Name687,509,Germany,Female,25,2,223890.71203295968,2,1,0,129920.078415667,1
100688,Name688,824,Germany,Female,61,9,227293.81601339643,3,1,0,65447.62684096534,1
100689,Name689,689,Germany,Female,50,3,78469.51912875683,2,1,1,37881.96566358938,0
100690,Name690,501,Germany,Female,59,8,172763.95318481544,1,0,1,69471.18538639764,1
100691,Name691,745,Germany,Male,69,5,67908.29531859241,2,0,1,63977.350208833705,0
100692,Name692,527,Spain,Male,52,7,47652.45826861245,1,1,0,138158.26820533848,1
100693,Name693,512,France,Female,23,6,46158.11433684231,3,1,1,116670.81260403359,0
100694,Name694,729,Spain,Male,56,1,85526.90521589851,3,1,0,80716.17780416089,1
100695,Name695,382,France,Female,69,2,107489.40494495543,3,0,0,148371.87934101996,1
100696,Name696,766,Spain,Male,40,0,207737.2927637671,1,1,1,75138.85437862927,0
100697,Name697,794,Germany,Female,42,8,29972.773368178023,2,1,0,18153.29631483853,1
100698,Name698,528,France,Female,67,6,183731.46184872356,3,1,0,46718.405054097886,1
100699,Name699,776,France,Male,60,0,132863.72854732635,1,0,0,71049.86723070376,1
100700,Name700,450,Spain,Male,36,2,71986.33566899812,1,1,0,31966.367380456813,0
100701,Name701,617,Spain,Female,22,3,123204.89613320614,2,1,0,142659.117685366,1
100702,Name702,672,France,Female,68,3,74985.51744425566,3,0,0,117358.84569448823,1
100703,Name703,414,Spain,Male,28,4,149020.4888095765,1,0,1,47560.20805988817,0
100704,Name704,766,Spain,Male,29,2,108460.98071381105,2,1,0,92712.63469250822,1
100705,Name705,517,Spain,Female,27,2,41101.38226971968,3,0,0,111002.88199534008,0
100706,Name706,679,Germany,Male,25,0,29145.76863892418,2,1,0,141779.0500469517,0
100707,Name707,392,Germany,Female,41,6,136673.92051803254,2,0,0,133428.9488845575,1
100708,Name708,393,Spain,Female,45,9,225603.25832152585,1,0,1,82126.91165934992,1
100709,Name709,634,Spain,Female,58,0,85989.42163942139,1,1,1,118451.36677102245,0
100710,Name710,746,Germany,Female,53,1,183250.0268056558,1,1,0,88700.2655358619,1
100711,Name711,361,Germany,Male,54,3,164665.33873494173,2,1,0,87378.54460637561,1
100712,Name712,444,France,Male,38,3,232888.72857737026,1,0,0,26063.874167346865,1
100713,Name713,651,France,Male,25,4,205245.2543247852,2,1,1,27659.27212226129,0
100714,Name714,735,Germany,Male,26,1,141651.31472636576,2,1,1,84134.70610314404,0
100715,Name715,602,Spain,Male,64,3,164257.62455852682,1,1,1,47640.61629706092,1
100716,Name716,848,Spain,Male,32,0,224596.6166460087,3,1,1,12945.166344465608,0
100717,Name717,591,Spain,Male,65,1,99879.6961467337,3,1,0,111197.48854602972,1
100718,Name718,384,Spain,Female,63,0,81698.67646444435,3,0,1,14548.123536623094,0
100719,Name719,564,France,Male,57,9,2702.7709087990847,2,1,1,93338.75775456763,0
100720,Name720,686,Germany,Male,35,9,206637.76854786606,2,1,0,85487.13117782402,1
100721,Name721,439,Spain,Female,59,3,200245.1751008412,2,0,0,145634.05668089262,1
100722,Name722,613,France,Male,37,3,26113.629525037846,1,1,1,77789.83950866983,0
100723,Name723,442,Spain,Male,23,6,144214.34528317506,2,1,1,18904.201092891628,0
100724,Name724,759,Germany,Female,29,9,115995.42454172185,1,1,1,87236.31549290463,0
100725,Name725,807,France,Male,19,8,29677.273877277865,1,1,1,127753.4638862542,0
100726,Name726,439,Germany,Male,24,8,245142.0567651809,3,1,0,149558.89979940158,1
100727,Name727,767,Germany,Male,33,4,53673.97186583886,3,0,0,70248.04431647016,0
100728,Name728,464,France,Female,20,9,16808.545022640286,3,0,1,54841.82394954395,0
100729,Name729,454,France,Male,62,0,148711.8448754774,1,0,1,136931.46157327987,1
100730,Name730,740,France,Male,20,0,184716.66928325818,1,1,1,36773.89807065699,0
100731,Name731,545,France,Female,44,5,8110.861511796741,1,0,1,96160.04810460973,0
100732,Name732,663,France,Male,67,1,164679.40968175553,2,1,1,66800.01938533268,1
100733,Name733,463,France,Female,60,7,133072.9689878636,1,1,0,15751.53109377774,1
100734,Name734,842,France,Female,57,8,25816.252218762103,3,1,0,58620.38640279769,1
100735,Name735,424,Spain,Male,55,3,43130.969236590514,3,0,0,47131.993150374445,1
100736,Name736,762,Germany,Female,50,4,141993.57432902014,1,0,1,106052.76155208817,1
100737,Name737,725,France,Female,45,7,74089.4033783221,1,0,1,142830.66967686854,0
100738,Name738,769,Spain,Male,18,2,234578.932162829,3,1,0,47526.60623300928,1
100739,Name739,566,Spain,Female,25,4,204685.0573710127,1,0,0,123605.23148123545,1
100740,Name740,626,Spain,Female,54,2,245891.80162841576,3,1,1,17750.374371377333,1
100741,Name741,598,Germany,Male,49,9,64917.709737603494,2,0,0,85336.94140557385,1
100742,Name742,513,France,Male,65,2,242430.90819949427,3,0,1,19877.00891938524,1
100743,Name743,743,Spain,Male,60,2,107808.46744788946,2,1,1,140764.6187582895,1
100744,Name744,706,Germany,Female,54,6,86879.69882843866,1,1,0,117289.17927803463,1
100745,Name745,806,Germany,Male,21,6,12587.38174233831,1,0,0,102112.98756864293,0
100746,Name746,757,Germany,Female,47,6,13191.314464900655,2,0,0,125345.493427453,1
100747,Name747,541,Spain,Female,23,9,173002.81398666368,1,0,1,100652.77137982284,0
100748,Name748,576,France,Female,63,7,114482.24860850697,2,1,1,145652.21560440076,1
100749,Name749,526,Spain,Female,36,4,56630.40650902643,1,1,0,109954.112701068,0
100750,Name750,448,Spain,Female,49,4,153492.57658130815,3,0,1,139452.20534151455,1
100751,Name751,845,France,Female,26,3,63214.529562527794,1,0,1,82398.46488148933,0
100752,Name752,385,France,Female,29,6,144407.93858610565,3,1,1,26389.01781746077,0
100753,Name753,815,France,Male,28,9,89802.18674567259,3,0,0,83944.8809992224,0
100754,Name754,846,Germany,Male,63,3,205888.05665295475,2,1,1,27762.19592883306,1
100755,Name755,836,France,Female,33,1,205174.04019169483,1,1,0,92949.0870846967,1
100756,Name756,445,Spain,Female,18,3,119337.59953060033,2,1,0,77549.02847387281,1
100757,Name757,501,France,Male,62,7,87704.7773337539,1,1,1,97160.55569658944,0
100758,Name758,500,Spain,Female,38,8,90639.94913977363,3,1,0,11406.577347676423,0
100759,Name759,539,Germany,Male,47,2,201428.63141705448,3,1,1,37277.66883175097,1
100760,Name760,573,Spain,Male,30,6,82044.87069940299,1,0,0,78786.26046769832,0
100761,Name761,386,Spain,Male,51,8,52264.84342671151,1,1,0,143070.4986224789,1
100762,Name762,617,France,Female,21,3,21172.085468826706,2,1,1,63705.265649722176,0
100763,Name763,718,France,Female,45,9,116673.2802211021,1,0,0,69412.08364750884,1
100764,Name764,532,Spain,Male,55,2,120533.02472996047,1,1,0,110057.4524609271,1
100765,Name765,362,France,Male,48,4,210227.17760072678,1,0,0,94530.98602005653,1
100766,Name766,628,Germany,Male,44,0,55309.674111516,2,1,1,51849.66101376665,0
100767,Name767,566,Germany,Male,22,2,95247.81841709997,1,0,1,67514.29537943989,0
100768,Name768,704,France,Male,42,7,202101.43472342275,3,0,0,40477.97184001254,1
100769,Name769,710,Germany,Female,20,7,205905.90268724336,2,1,0,145243.0042782292,1
100770,Name770,635,France,Male,50,3,96152.76899469204,2,1,0,28288.813418030364,1
100771,Name771,622,Spain,Female,21,1,114781.00582167022,3,1,1,62057.14983929872,0
100772,Name772,718,Spain,Male,42,7,75821.47271232073,3,1,1,13617.456110801566,0
100773,Name773,411,Germany,Female,37,7,233138.71960482802,3,0,0,41049.1288706965,1
100774,Name774,433,France,Female,51,9,29660.941435395078,1,0,1,119265.95937322169,0
100775,Name775,717,France,Female,43,3,233437.3557503675,3,0,1,38164.53252044313,1
100776,Name776,566,Germany,Female,22,2,170966.61295883582,1,1,1,21208.876354055184,0
100777,Name777,691,Spain,Female,52,1,132893.0381716828,2,0,1,76423.44517823326,1
100778,Name778,746,Germany,Female,45,8,8164.765196123969,2,1,0,11395.69286283259,1
100779,Name779,536,Spain,Male,46,0,118899.04795550207,3,1,1,21867.261619686644,1
100780,Name780,368,France,Female,26,6,101937.02625068308,1,0,1,123067.62173881651,0
100781,Name781,526,Spain,Male,69,4,40304.70299378064,3,1,0,118006.2682803449,1
100782,Name782,449,Germany,Female,55,7,164102.40087516422,3,0,0,138119.43485668546,1
100783,Name783,745,France,Female,67,3,242787.72684207145,1,1,1,129632.16102750493,1
100784,Name784,794,Germany,Male,23,6,140547.2027661313,3,0,1,105644.57885357454,0
100785,Name785,582,Germany,Female,36,4,178688.31911098646,2,1,0,17326.600022092796,1
100786,Name786,752,Spain,Male,61,4,17112.613141504196,3,0,0,119598.80651813206,1
100787,Name787,425,Germany,Male,28,8,104416.74895424869,1,0,0,128371.51351767847,1
100788,Name788,614,Spain,Male,19,8,29089.621291123967,1,1,1,121871.50040807363,0
100789,Name789,804,France,Male,64,8,153198.9588841276,2,1,1,81187.06494312365,1
100790,Name790,633,Spain,Female,61,5,234620.53955353863,1,0,0,42606.25741092743,1
100791,Name791,555,France,Female,61,5,165444.43311790962,1,1,1,128346.19659642174,1
100792,Name792,572,Spain,Male,26,4,19200.76207860538,2,1,0,111802.79336361939,0
100793,Name793,733,Germany,Female,38,8,88666.55124627071,3,1,1,147306.56441443923,0
100794,Name794,401,Spain,Female,41,9,137665.84486021288,2,0,0,31796.963685830608,1
100795,Name795,688,Spain,Male,51,7,100801.93903331306,3,0,0,41593.041627287705,1
100796,Name796,716,France,Female,39,6,208411.00261879308,2,1,1,39651.740983410375,0
100797,Name797,493,Germany,Male,20,6,203667.7511774973,3,1,1,120955.56746698714,0
100798,Name798,722,Spain,Male,29,5,152957.75502580535,2,0,1,36167.02150301654,0
100799,Name799,418,Germany,Female,45,4,93364.48628317632,3,1,1,19332.376175262852,0
100800,Name800,448,Spain,Female,47,3,63834.09344081103,2,0,1,149798.512921988,0
100801,Name801,745,Spain,Female,43,2,26468.57955328233,3,1,1,13474.40960232088,0
100802,Name802,374,Germany,Male,65,2,88724.4208716385,2,1,0,126934.16842224119,1
100803,Name803,785,Spain,Male,38,5,103293.12930192988,1,1,1,61151.35781709139,0
100804,Name804,728,Germany,Female,45,3,168955.7312760184,3,0,0,127826.16436609413,1
100805,Name805,818,Spain,Female,43,5,164539.95607439335,2,0,0,87646.8687695603,1
100806,Name806,833,France,Female,50,2,17527.034910314236,3,0,1,136228.3721280904,0
100807,Name807,402,Germany,Female,38,3,98814.82885778944,3,0,0,139667.01809804773,0
100808,Name808,500,Spain,Male,52,8,45444.71680434048,2,1,0,11273.745379308639,1
100809,Name809,493,Spain,Female,69,4,39203.17632920142,3,1,1,20557.704638990355,0
100810,Name810,406,France,Male,51,6,206825.53743431147,2,0,1,45050.222139919766,1
100811,Name811,388,Germany,Male,58,9,10478.804179064382,1,1,1,103704.15829089023,0
100812,Name812,458,Spain,Female,68,1,104795.71897553033,3,1,0,134358.10751161084,1
100813,Name813,530,France,Female,64,4,42050.913941629544,1,0,1,74391.87318115478,0
100814,Name814,391,Spain,Female,35,8,219832.5539196185,3,1,1,94976.23627839716,0
100815,Name815,535,Germany,Male,28,2,139260.12831875877,3,1,1,36389.979391378554,0
100816,Name816,772,Spain,Female,40,8,57845.15909421201,3,0,1,122695.35674343594,0
100817,Name817,747,Spain,Female,65,5,125606.8217915941,2,1,0,145425.93558948577,1
100818,Name818,572,Spain,Male,39,3,182871.58992577894,1,1,1,47603.85060804364,0
100819,Name819,471,Spain,Female,34,6,239529.50222985845,3,1,0,79275.63322407649,1
100820,Name820,482,France,Male,22,7,55111.501061354735,2,0,1,22056.255470892334,0
100821,Name821,512,France,Female,61,5,221545.44303233628,3,0,0,88279.13190481557,1
100822,Name822,564,Germany,Male,28,4,233576.02854187257,2,1,0,80389.68185853527,1
100823,Name823,570,France,Female,47,5,229105.13613301655,3,1,0,30221.107781710863,1
100824,Name824,584,France,Female,32,4,158853.58921547746,1,1,1,71889.2698365305,0
100825,Name825,680,Germany,Male,44,7,157455.16360867693,1,0,0,56774.651292118855,1
100826,Name826,495,France,Male,52,0,100802.6582959557,3,0,1,83056.32254272651,1
100827,Name827,588,France,Female,50,6,188099.47057594697,2,0,1,91991.60696003189,1
100828,Name828,425,Germany,Male,37,9,132823.50458773298,3,1,1,11189.38100500933,0
100829,Name829,358,Germany,Male,33,9,169359.51780707363,2,1,1,116540.83761293774,0
100830,Name830,423,Germany,Male,51,1,107114.47596219886,3,1,1,109822.00086064372,1
100831,Name831,791,Spain,Male,19,8,182874.11601078475,2,1,0,61280.09406891311,1
100832,Name832,841,Spain,Female,52,0,206117.87940113727,1,1,1,17411.030979634557,1
100833,Name833,750,Germany,Female,57,9,36609.06415070403,3,0,0,115690.55556990705,1
100834,Name834,602,Germany,Male,45,5,208232.428893557,1,1,0,143724.52246693854,1
100835,Name835,579,Germany,Male,64,8,135074.1329475768,1,1,0,43621.22344308199,1
100836,Name836,356,Spain,Male,56,0,211166.47727255608,3,1,0,55293.4459231853,1
100837,Name837,523,Spain,Male,23,3,107825.42658525365,3,0,0,35733.80452745409,1
100838,Name838,490,France,Female,26,3,94760.12134575876,2,1,0,90771.05726827755,0
100839,Name839,517,France,Female,37,8,228765.1831293056,2,0,0,31677.795250643692,1
100840,Name840,519,Germany,Male,18,4,62792.31688710032,1,0,1,59867.15208459312,0
100841,Name841,742,Spain,Male,25,4,211053.08132153578,2,0,0,107581.82195079682,1
100842,Name842,783,Spain,Male,40,5,121005.14312735102,2,0,1,88416.23762130877,0
100843,Name843,632,Spain,Female,20,0,128523.86063781493,3,0,0,64104.759005910935,1
100844,Name844,471,Germany,Male,21,0,77117.070372371,2,1,0,68834.94425305587,0
100845,Name845,543,France,Female,42,8,143260.55015475393,1,1,0,88695.52356725212,1
100846,Name846,354,Germany,Male,64,2,81302.79906905282,2,0,0,10821.061904202583,1
100847,Name847,378,France,Female,55,3,9817.353560413078,1,0,1,20991.38158350538,0
100848,Name848,514,France,Male,32,0,67999.65133608901,3,0,1,133376.12948682165,0
100849,Name849,771,Germany,Female,38,8,1594.7608516476696,1,1,1,20903.058472780707,0
100850,Name850,688,France,Male,52,7,244588.69676421417,2,1,0,108952.50346947071,1
100851,Name851,485,France,Male,63,1,241436.80245493687,3,0,0,138805.34297526738,1
100852,Name852,845,Spain,Male,69,7,98788.82436807627,2,1,0,47895.70460224235,1
100853,Name853,714,France,Female,31,6,182092.7135849115,3,1,1,61868.801188332,0
100854,Name854,670,Germany,Male,53,5,86451.52460260624,3,0,0,89648.99681826028,1
100855,Name855,691,Germany,Female,29,0,167773.28927149402,2,0,1,133439.25574940187,0
100856,Name856,849,France,Female,34,6,201357.51076149478,2,1,1,141866.7822164588,0
100857,Name857,494,Spain,Male,56,9,236689.06117306018,3,1,0,113538.85473557752,1
100858,Name858,676,Spain,Male,26,6,100053.06896241801,3,1,0,22126.76651965716,1
100859,Name859,566,France,Male,52,8,195824.4957390119,2,0,1,103681.58177487912,1
100860,Name860,650,France,Female,30,0,66482.1126580297,1,0,1,67442.52106217269,0
100861,Name861,481,Germany,Male,32,1,247583.0759484121,2,0,1,75898.13992874863,0
100862,Name862,641,France,Female,35,8,6442.399691087786,3,1,0,16880.774648324787,0
100863,Name863,419,Spain,Female,68,8,150882.20162528023,2,1,0,36748.69950849014,1
100864,Name864,601,France,Male,50,5,164876.49541283178,1,0,0,120671.90505471069,1
100865,Name865,764,Germany,Male,23,5,172011.38926853222,2,1,0,73554.23662670037,1
100866,Name866,624,Germany,Male,44,3,30096.89469727225,3,0,0,52232.71382836084,1
100867,Name867,794,Germany,Male,40,3,234632.4458682826,2,1,0,63762.670355094146,1
100868,Name868,713,Germany,Male,44,4,45295.8197625207,3,0,1,129615.93186559522,0
100869,Name869,531,Germany,Male,51,2,155688.35080996028,3,1,1,114859.86243669396,1
100870,Name870,516,France,Female,63,0,55669.01978077124,2,1,1,48124.15560535159,0
100871,Name871,440,France,Female,55,0,76804.10425531772,3,0,0,26450.257629732263,1
100872,Name872,551,France,Female,31,6,136614.6354320311,3,0,1,45279.75103017004,0
100873,Name873,695,France,Male,53,0,104298.35464114412,1,0,0,138905.9031476627,1
100874,Name874,368,Germany,Female,25,0,40056.40024412657,1,0,0,91422.43729896574,0
100875,Name875,388,Spain,Female,52,2,42734.10060521207,1,0,1,84687.2292242696,0
100876,Name876,475,France,Female,36,9,104536.19704069992,1,1,0,93495.10395694461,1
100877,Name877,800,Spain,Female,47,3,189320.74456887518,3,0,1,61243.95720451214,1
100878,Name878,522,France,Female,31,3,224491.16171194715,2,0,1,122994.98284473179,0
100879,Name879,490,France,Male,37,1,21031.91556484571,3,0,0,83260.07490203498,0
100880,Name880,591,Spain,Male,66,0,98275.97688985027,3,0,1,26344.706387631377,0
100881,Name881,569,Germany,Female,42,2,25061.390930719157,3,0,1,28069.117476068815,0
100882,Name882,475,France,Female,57,3,4148.120158149471,2,1,1,85160.28051036657,0
100883,Name883,407,France,Female,41,2,165429.67066098916,1,0,1,141119.8305299175,1
100884,Name884,497,France,Male,31,7,150612.36049164695,3,0,0,53169.29703466783,1
100885,Name885,825,Spain,Male,43,9,40754.77845372155,3,0,1,131735.76364029056,0
100886,Name886,805,Germany,Female,55,0,58453.20827326603,1,1,1,116973.3821210431,0
100887,Name887,666,Spain,Male,40,1,5926.938411129595,3,1,1,44693.74200696696,0
100888,Name888,732,Spain,Male,39,6,208736.80142360093,2,0,0,15087.704764273944,1
100889,Name889,710,Germany,Female,65,3,243672.64901213787,3,0,1,24258.617119933584,1
100890,Name890,772,Spain,Male,36,7,33864.8841986727,3,1,0,111989.15073864163,0
100891,Name891,350,Germany,Male,63,2,57868.803441324526,1,1,1,37953.76332569054,0
100892,Name892,736,France,Female,68,5,217102.3809867335,3,1,1,61977.92887075513,1
100893,Name893,810,Germany,Male,20,8,231615.9494890462,3,0,1,80237.88324089948,0
100894,Name894,697,France,Male,59,0,104906.84570170258,2,0,0,111565.5435830228,1
100895,Name895,539,Spain,Female,36,0,12655.618067268531,1,1,0,25852.371256277554,0
100896,Name896,540,Spain,Male,26,7,9847.95842320485,1,0,0,66891.2967388446,0
100897,Name897,718,France,Male,45,2,143487.46651725261,2,1,0,77910.20727997736,1
100898,Name898,758,Spain,Female,37,4,98223.77722329476,3,1,0,85715.78895601556,0
100899,Name899,661,Germany,Female,62,0,7163.106894413629,1,1,0,124570.48979533033,1
100900,Name900,766,France,Female,24,4,145813.09807813918,1,0,1,34034.947306050366,0
100901,Name901,771,Spain,Male,31,5,2825.634147255618,3,1,0,123096.40325572713,0
100902,Name902,466,France,Female,26,7,196842.98953731824,3,1,1,107002.97987753131,0
100903,Name903,483,Germany,Male,36,2,76608.2056758429,1,0,0,87821.9139878543,0
100904,Name904,407,Germany,Female,64,2,10064.500752308026,3,1,0,107933.90185636007,1
100905,Name905,393,Spain,Male,69,9,147088.05524578833,1,0,0,67682.4834532319,1
100906,Name906,522,Germany,Female,31,8,99421.10360826367,3,1,1,29375.66203553744,0
100907,Name907,509,France,Female,55,3,243450.10333928737,3,0,0,103207.13363715142,1
100908,Name908,522,Germany,Female,53,3,136049.66562592555,2,1,0,83454.12293598712,1
100909,Name909,666,France,Female,57,6,68809.79525925207,3,1,1,99512.47207598857,0
100910,Name910,652,France,Male,34,1,177359.71615849368,2,1,1,57319.829343988604,0
100911,Name911,498,Germany,Female,47,7,67873.00063567783,3,1,1,136961.32082757703,0
100912,Name912,429,Spain,Female,26,5,226060.82285189128,1,1,1,92231.78160058077,0
100913,Name913,723,Germany,Male,50,2,93680.4926268441,1,0,0,21956.347800722335,1
100914,Name914,562,France,Female,69,8,137467.1406940513,3,0,1,72972.55869862,1
100915,Name915,552,France,Male,42,4,12643.275956057216,3,1,0,115889.8476641088,1
100916,Name916,601,Germany,Female,31,7,106530.3094880577,1,1,0,121178.83864251814,1
100917,Name917,578,Spain,Female,28,6,208090.88491524875,3,1,1,79243.58738692623,0
100918,Name918,513,Spain,Female,52,7,201412.20134083548,2,0,0,135264.65991638217,1
100919,Name919,576,France,Male,58,6,56079.63971338156,2,0,1,47473.581207201656,0
100920,Name920,496,France,Female,31,2,56519.76775264067,2,1,0,67483.81761335733,0
100921,Name921,369,Spain,Female,47,1,204326.3280533092,2,0,1,135803.56747965582,1
100922,Name922,790,Germany,Female,58,6,232599.6050423314,2,1,1,135475.94030602105,1
100923,Name923,751,France,Male,21,2,23840.230318250888,3,1,1,105999.78763545533,0
100924,Name924,396,France,Male,21,2,112514.65985655632,3,1,1,130257.27659711082,0
100925,Name925,582,Spain,Female,45,1,84363.56974105725,2,0,1,22428.257373872573,0
100926,Name926,654,Germany,Male,25,3,217672.11386435982,3,1,1,131099.29666908868,0
100927,Name927,363,Spain,Female,19,7,20881.228670004693,3,1,0,54886.78691703175,0
100928,Name928,492,Germany,Female,58,0,52781.48563950935,2,1,0,34966.41173995029,1
100929,Name929,764,Germany,Female,63,0,188117.0843966236,3,0,0,43511.77708788649,1
100930,Name930,350,Germany,Female,39,4,12823.462245303896,3,0,1,68515.59112194419,0
100931,Name931,722,France,Female,58,4,123133.84517857232,3,0,0,45166.88064462541,1
100932,Name932,403,Spain,Female,33,0,110526.75866993,2,1,1,54879.46204230987,0
100933,Name933,723,Spain,Female,46,5,83600.29474718716,3,0,0,28896.988050029893,1
100934,Name934,608,Germany,Male,66,0,98643.07882973095,1,1,0,51464.74717825979,1
100935,Name935,493,France,Male,65,4,132485.14673255823,1,0,1,90119.73403588016,1
100936,Name936,820,France,Male,47,8,40341.83959709578,2,1,0,71859.51913274894,1
100937,Name937,790,Spain,Male,29,4,142998.9695708982,1,0,0,58540.62657302756,1
100938,Name938,808,France,Male,52,5,201358.0823249966,2,1,0,114503.29803999596,1
100939,Name939,361,France,Male,28,7,190040.23244753975,1,0,1,135091.39599506452,0
100940,Name940,679,Germany,Male,63,0,38474.97617344342,1,0,0,115950.49120633559,1
100941,Name941,573,France,Female,67,1,37312.36743536848,1,0,1,56480.09829647509,0
100942,Name942,621,Germany,Female,38,8,67043.59193622833,2,1,0,114221.90349725752,0
100943,Name943,805,Spain,Female,38,2,90268.6815852593,2,0,0,31277.225546367168,0
100944,Name944,707,France,Female,22,5,102113.89535212064,3,0,0,28244.518332780728,1
100945,Name945,809,Spain,Male,65,4,169924.3042083363,2,0,0,58387.785185062254,1
100946,Name946,757,Spain,Male,37,1,14170.10804145885,1,0,1,123078.33166616799,0
100947,Name947,505,France,Female,54,6,8668.176056516597,1,1,0,44488.75461392226,1
100948,Name948,722,France,Female,20,3,97977.64073597726,2,0,1,18855.477245815142,0
100949,Name949,357,Spain,Male,61,0,174290.92303449512,2,1,1,28439.33492888971,1
100950,Name950,471,France,Female,50,3,48358.835739120645,2,1,0,130224.29559414122,1
100951,Name951,697,Germany,Female,26,5,160376.12031406292,3,1,0,98729.65986462026,1
100952,Name952,513,Germany,Female,26,6,64957.034485074866,1,1,1,45448.16287179673,0
100953,Name953,439,France,Female,21,6,221521.52720337908,3,0,1,87741.41554594539,0
100954,Name954,485,Spain,Male,52,6,223922.48606665412,3,1,0,83861.14713954905,1
100955,Name955,535,France,Female,34,2,74321.80107033162,1,1,0,101761.03698169258,0
100956,Name956,665,France,Female,51,5,57498.43849081013,1,1,0,42646.257619026284,1
100957,Name957,527,Spain,Male,41,7,102825.99301655781,2,1,0,131016.41820721567,1
100958,Name958,377,Spain,Male,49,3,60132.89629503718,2,0,0,53311.5986912018,1
100959,Name959,569,Germany,Female,18,7,168095.9608229259,3,0,1,107178.43155667317,0
100960,Name960,706,Spain,Male,25,1,206516.1711370714,2,1,0,12257.450492110085,1
100961,Name961,390,Germany,Female,62,9,168273.03272780424,2,1,0,62171.998185180615,1
100962,Name962,577,Spain,Female,40,8,206087.61181233736,1,1,1,59239.37451423316,0
100963,Name963,541,France,Male,64,8,99248.04055186853,1,0,0,86087.82000162202,1
100964,Name964,760,Germany,Female,57,7,39079.24267721522,2,0,0,20183.07664880751,1
100965,Name965,796,Germany,Female,29,9,184487.73684939803,1,0,1,120618.39232165516,0
100966,Name966,494,Germany,Female,29,9,90118.62628538847,2,0,0,40489.312247459595,0
100967,Name967,550,France,Female,63,0,167817.70630728314,1,0,1,104785.29408348142,1
100968,Name968,766,France,Male,64,1,67660.98549544142,1,1,0,122449.69725417305,1
100969,Name969,561,France,Male,32,5,20307.408701668166,1,0,0,88662.77387381184,0
100970,Name970,810,France,Female,58,9,248145.44887194084,1,0,0,113723.64894107796,1
100971,Name971,569,France,Male,36,4,39050.37698264982,2,1,1,102660.44371010078,0
100972,Name972,589,Germany,Female,43,8,247105.24849087026,3,0,1,59774.171601281065,1
100973,Name973,762,France,Female,69,4,244319.98314161182,1,0,1,123240.19546469914,1
100974,Name974,746,Germany,Female,46,1,198454.5259770099,2,0,1,51258.19178397392,1
100975,Name975,395,France,Female,39,9,164855.74052049938,2,1,0,89969.8084852124,1
100976,Name976,384,Spain,Female,57,3,144451.76256277118,1,0,1,114355.68347981553,1
100977,Name977,602,Germany,Male,38,8,216525.38634445868,3,1,1,63053.82737375106,0
100978,Name978,739,Spain,Female,68,0,72359.88040487199,1,1,1,52387.46506643951,0
100979,Name979,431,Germany,Male,55,0,116920.30312121926,2,0,0,74308.44142419519,1
100980,Name980,720,Spain,Male,37,6,154847.49234162548,3,0,0,124514.8892088815,1
100981,Name981,605,France,Female,46,2,102797.61896737278,2,0,1,140189.04684039307,1
100982,Name982,546,France,Female,68,9,106871.613522567,1,0,1,86311.67780038463,1
100983,Name983,652,France,Female,21,1,82571.1668755211,3,1,0,102605.26874531126,0
100984,Name984,758,Germany,Female,24,8,141057.954171134,2,0,1,136458.30711344798,0
100985,Name985,799,Spain,Female,45,2,212643.632003779,2,1,1,23796.559197811934,1
100986,Name986,359,France,Male,45,1,50382.09450157821,2,1,1,42491.000901263105,0
100987,Name987,661,Spain,Female,21,7,233608.25968836035,1,1,1,109246.00087522154,0
100988,Name988,635,Spain,Female,39,9,172271.9134370574,3,1,0,125324.22466772195,1
100989,Name989,591,France,Male,29,5,205818.30317000754,1,1,0,129984.06396628091,1
100990,Name990,600,France,Male,62,5,139047.6731575029,1,0,0,68115.00475969056,1
100991,Name991,714,Spain,Female,20,9,194879.17535601588,1,1,1,22507.58632086136,0
100992,Name992,354,France,Male,39,6,4050.0993348668026,3,1,1,71289.40682194679,0
100993,Name993,468,France,Female,61,6,204595.1061948838,1,0,0,42302.84262898753,1
100994,Name994,638,France,Male,19,5,10034.714771341629,1,0,0,50767.503699527384,0
100995,Name995,723,Germany,Male,41,3,222478.34409071563,1,1,0,118117.45795725081,1
100996,Name996,414,Spain,Female,51,8,247990.68680966084,1,1,1,20573.792043624162,1
100997,Name997,495,Spain,Male,44,5,73516.86554419446,2,0,0,125861.3704472983,1
100998,Name998,573,Germany,Male,58,3,52579.639071448415,1,1,1,69873.67201538366,0
100999,Name999,588,Spain,Male,18,2,191340.84096451016,2,0,1,93448.95035408331,0
